Region,UnitName,SiteCode,Latitude,Longitude
AKR,Alagnak Wild River,ALAG001,59.00801,-156.11034
AKR,Alagnak Wild River,ALAG002,59.11530,-156.32693
AKR,Denali National Park and Preserve,DENA7MIL,63.71672,-149.07428
AKR,Denali National Park and Preserve,DENABACK,62.86060,-150.68053
AKR,Denali National Park and Preserve,DENABACK,62.86065,-150.68050
AKR,Denali National Park and Preserve,DENABASE,62.96976,-151.16712
AKR,Denali National Park and Preserve,DENABEAR,63.79082,-151.20482
AKR,Denali National Park and Preserve,DENABELA,63.63097,-152.42043
AKR,Denali National Park and Preserve,DENABICR,63.44044,-151.65901
AKR,Denali National Park and Preserve,DENABIGU,63.79981,-148.98701
AKR,Denali National Park and Preserve,DENABLCR,63.21919,-149.65857
AKR,Denali National Park and Preserve,DENABLDR,63.32898,-149.34235
AKR,Denali National Park and Preserve,DENABULL,63.39192,-149.62901
AKR,Denali National Park and Preserve,DENABULL,63.39195,-149.62897
AKR,Denali National Park and Preserve,DENACABN,63.57665,-150.00888
AKR,Denali National Park and Preserve,DENACARB,63.60640,-150.83133
AKR,Denali National Park and Preserve,DENACARB,63.60640,-150.83130
AKR,Denali National Park and Preserve,DENACARL,63.24065,-150.83653
AKR,Denali National Park and Preserve,DENACARL,63.24202,-150.83598
AKR,Denali National Park and Preserve,DENACATH,63.57178,-149.60629
AKR,Denali National Park and Preserve,DENACATH,63.57475,-149.61162
AKR,Denali National Park and Preserve,DENACEAK,63.80506,-152.01262
AKR,Denali National Park and Preserve,DENACHCR,63.95127,-150.35603
AKR,Denali National Park and Preserve,DENACNTW,63.39493,-148.98987
AKR,Denali National Park and Preserve,DENADUNK,63.26699,-149.54153
AKR,Denali National Park and Preserve,DENAEFK1,63.55901,-149.78572
AKR,Denali National Park and Preserve,DENAESTO,63.94298,-149.96233
AKR,Denali National Park and Preserve,DENAFANG,63.56612,-149.20566
AKR,Denali National Park and Preserve,DENAFANG,63.56616,-149.20561
AKR,Denali National Park and Preserve,DENAFANG,63.56617,-149.20560
AKR,Denali National Park and Preserve,DENAFLAT,63.65586,-148.88785
AKR,Denali National Park and Preserve,DENAFLUM,63.96474,-150.81366
AKR,Denali National Park and Preserve,DENAFOGG,63.39700,-149.28360
AKR,Denali National Park and Preserve,DENAFRC1,63.73061,-148.91576
AKR,Denali National Park and Preserve,DENAFRC2,63.73318,-148.91661
AKR,Denali National Park and Preserve,DENAFRC3,63.73850,-148.91232
AKR,Denali National Park and Preserve,DENAFRC4,63.73853,-148.91190
AKR,Denali National Park and Preserve,DENAFRC5,63.73853,-148.91190
AKR,Denali National Park and Preserve,DENAFRC6,63.73597,-148.94116
AKR,Denali National Park and Preserve,DENAFROG,63.45966,-150.84592
AKR,Denali National Park and Preserve,DENAHAUK,63.25879,-151.64970
AKR,Denali National Park and Preserve,DENAHEAL,63.74630,-149.19569
AKR,Denali National Park and Preserve,DENAHEGL,63.07925,-151.66534
AKR,Denali National Park and Preserve,DENAHERI,63.26059,-152.05447
AKR,Denali National Park and Preserve,DENAHICR,63.08447,-152.05722
AKR,Denali National Park and Preserve,DENAHIDR,62.87249,-150.11368
AKR,Denali National Park and Preserve,DENAHIG1,63.47992,-150.14195
AKR,Denali National Park and Preserve,DENAHIG2,63.47690,-150.15179
AKR,Denali National Park and Preserve,DENAHOG2,63.72530,-149.41916
AKR,Denali National Park and Preserve,DENAHOG3,63.72329,-149.40858
AKR,Denali National Park and Preserve,DENAHOTS,63.62983,-152.01799
AKR,Denali National Park and Preserve,DENAIGL1,63.59589,-149.60706
AKR,Denali National Park and Preserve,DENAINES,63.71061,-149.07915
AKR,Denali National Park and Preserve,DENAINES,63.71071,-149.07887
AKR,Denali National Park and Preserve,DENAK5Z5,63.54211,-150.99733
AKR,Denali National Park and Preserve,DENAK5Z5,63.54221,-150.99767
AKR,Denali National Park and Preserve,DENAKAHP,63.07562,-151.17441
AKR,Denali National Park and Preserve,DENAKAHP,63.07980,-151.17419
AKR,Denali National Park and Preserve,DENAKICH,62.34868,-152.44975
AKR,Denali National Park and Preserve,DENALDAL,62.55317,-152.09251
AKR,Denali National Park and Preserve,DENALEFK,63.85641,-149.99731
AKR,Denali National Park and Preserve,DENALELD,63.05045,-150.07388
AKR,Denali National Park and Preserve,DENALKAR,63.96405,-151.20627
AKR,Denali National Park and Preserve,DENALMcR,63.78482,-151.61665
AKR,Denali National Park and Preserve,DENALSLC,63.62359,-151.24017
AKR,Denali National Park and Preserve,DENAMBAR,63.40670,-150.83572
AKR,Denali National Park and Preserve,DENAMBAR,63.44070,-150.83578
AKR,Denali National Park and Preserve,DENAMcLE,63.43005,-151.23166
AKR,Denali National Park and Preserve,DENAMcRI,63.61935,-151.63177
AKR,Denali National Park and Preserve,DENAMLEE,62.88357,-150.47589
AKR,Denali National Park and Preserve,DENAMOOS,63.51452,-150.84167
AKR,Denali National Park and Preserve,DENAMTVI,63.71557,-149.25383
AKR,Denali National Park and Preserve,DENAMULD,63.25070,-150.48750
AKR,Denali National Park and Preserve,DENAMULD,63.27704,-150.34506
AKR,Denali National Park and Preserve,DENAMURI,63.97155,-151.60286
AKR,Denali National Park and Preserve,DENAMYRT,63.59731,-150.40863
AKR,Denali National Park and Preserve,DENANERI,63.66596,-148.86516
AKR,Denali National Park and Preserve,DENANTRL,63.72395,-148.91730
AKR,Denali National Park and Preserve,DENANTRL,63.72408,-148.91745
AKR,Denali National Park and Preserve,DENAPAIN,63.73178,-148.91107
AKR,Denali National Park and Preserve,DENAPIKA,62.73740,-151.26781
AKR,Denali National Park and Preserve,DENAPOL1,63.52991,-149.86674
AKR,Denali National Park and Preserve,DENAPOL2,63.52805,-149.87900
AKR,Denali National Park and Preserve,DENAPOL3,63.52610,-149.90050
AKR,Denali National Park and Preserve,DENAPOL4,63.51527,-149.95381
AKR,Denali National Park and Preserve,DENAPRM1,63.73306,-149.31073
AKR,Denali National Park and Preserve,DENAPRM2,63.73175,-149.34088
AKR,Denali National Park and Preserve,DENARUGL,62.70353,-150.51894
AKR,Denali National Park and Preserve,DENARUGL,62.70480,-150.52010
AKR,Denali National Park and Preserve,DENARUTH,62.96645,-150.75204
AKR,Denali National Park and Preserve,DENARUTH,62.96653,-150.75203
AKR,Denali National Park and Preserve,DENARUTH,62.96670,-150.75118
AKR,Denali National Park and Preserve,DENASAN1,63.72622,-149.46123
AKR,Denali National Park and Preserve,DENASAN3,63.70900,-149.49207
AKR,Denali National Park and Preserve,DENASAVR,63.74113,-149.29087
AKR,Denali National Park and Preserve,DENASKGL,62.92354,-151.30135
AKR,Denali National Park and Preserve,DENASKGL,62.93485,-151.30131
AKR,Denali National Park and Preserve,DENASTAM,63.74887,-150.33002
AKR,Denali National Park and Preserve,DENASUSH,63.74117,-149.58356
AKR,Denali National Park and Preserve,DENASUSH,63.74121,-149.58357
AKR,Denali National Park and Preserve,DENASUSH,63.74123,-149.58362
AKR,Denali National Park and Preserve,DENASYS1,63.70102,-148.86497
AKR,Denali National Park and Preserve,DENASYS1,63.70107,-148.86491
AKR,Denali National Park and Preserve,DENASYS2,63.70001,-148.86967
AKR,Denali National Park and Preserve,DENASYS2,63.70005,-148.86969
AKR,Denali National Park and Preserve,DENATEK1,63.71428,-149.52647
AKR,Denali National Park and Preserve,DENATEKP,63.69383,-149.56005
AKR,Denali National Park and Preserve,DENATETH,63.92527,-149.45792
AKR,Denali National Park and Preserve,DENATHRI,63.41427,-150.43129
AKR,Denali National Park and Preserve,DENATKAH,62.54195,-151.30338
AKR,Denali National Park and Preserve,DENATKAN,62.70562,-150.91173
AKR,Denali National Park and Preserve,DENATOKL,63.52550,-150.04473
AKR,Denali National Park and Preserve,DENATOKO,62.66420,-150.79088
AKR,Denali National Park and Preserve,DENATOKO,62.66441,-150.79089
AKR,Denali National Park and Preserve,DENATOKO,62.66442,-150.79095
AKR,Denali National Park and Preserve,DENATOKO,62.66444,-150.79085
AKR,Denali National Park and Preserve,DENATOKO,62.66451,-150.79065
AKR,Denali National Park and Preserve,DENATRLA,63.66253,-148.87486
AKR,Denali National Park and Preserve,DENATRLA,63.66254,-148.87497
AKR,Denali National Park and Preserve,DENATRLA,63.66255,-148.87498
AKR,Denali National Park and Preserve,DENATRLA,63.66255,-148.87493
AKR,Denali National Park and Preserve,DENATRLA,63.66255,-148.87491
AKR,Denali National Park and Preserve,DENATRLA,63.66256,-148.87491
AKR,Denali National Park and Preserve,DENATRLA,63.66256,-148.87488
AKR,Denali National Park and Preserve,DENATRLA,63.66257,-148.87491
AKR,Denali National Park and Preserve,DENATRLA,63.66258,-148.87505
AKR,Denali National Park and Preserve,DENATRLA,63.66258,-148.87489
AKR,Denali National Park and Preserve,DENATRLA,63.66258,-148.87473
AKR,Denali National Park and Preserve,DENATRLA,63.66260,-148.87492
AKR,Denali National Park and Preserve,DENAUDAL,62.72931,-152.08224
AKR,Denali National Park and Preserve,DENAUEFK,63.50100,-149.63200
AKR,Denali National Park and Preserve,DENAUKAH,63.07269,-151.14700
AKR,Denali National Park and Preserve,DENAUOHI,63.22536,-150.02376
AKR,Denali National Park and Preserve,DENAUPEL,63.05705,-150.47620
AKR,Denali National Park and Preserve,DENAUPIK,62.69682,-151.18990
AKR,Denali National Park and Preserve,DENAUPST,63.07981,-151.26624
AKR,Denali National Park and Preserve,DENAUPWC,63.76028,-149.98921
AKR,Denali National Park and Preserve,DENAUSLC,63.25249,-151.24640
AKR,Denali National Park and Preserve,DENAUSVG,63.65941,-149.21909
AKR,Denali National Park and Preserve,DENAUTOK,62.88133,-150.88087
AKR,Denali National Park and Preserve,DENAUTOK,62.88184,-150.88486
AKR,Denali National Park and Preserve,DENAUTRA,63.07688,-150.82539
AKR,Denali National Park and Preserve,DENAUWBT,63.40901,-150.03508
AKR,Denali National Park and Preserve,DENAUWBT,63.40914,-150.03584
AKR,Denali National Park and Preserve,DENAUWBT,63.40917,-150.03587
AKR,Denali National Park and Preserve,DENAUWBT,63.40927,-150.03561
AKR,Denali National Park and Preserve,DENAUWFY,62.54351,-152.47501
AKR,Denali National Park and Preserve,DENAUYEN,62.88545,-151.64183
AKR,Denali National Park and Preserve,DENAVABM,63.45519,-152.04146
AKR,Denali National Park and Preserve,DENAWEBU,63.06929,-151.07126
AKR,Denali National Park and Preserve,DENAWEKH,63.74330,-150.87653
AKR,Denali National Park and Preserve,DENAWFYR,62.38850,-152.13310
AKR,Denali National Park and Preserve,DENAWOCR,63.42908,-152.45248
AKR,Denali National Park and Preserve,DENAWOND,63.45296,-150.87435
AKR,Denali National Park and Preserve,DENAYEGL,62.72428,-151.69586
AKR,Gates of the Arctic National Park and Preserve,GAARAMLA,68.10083,-152.89104
AKR,Gates of the Arctic National Park and Preserve,GAARANAK,68.17046,-151.77304
AKR,Gates of the Arctic National Park and Preserve,GAARARRI,67.43607,-154.11913
AKR,Gates of the Arctic National Park and Preserve,GAARFLOR,67.13968,-150.87558
AKR,Gates of the Arctic National Park and Preserve,GAARHAMM,67.89346,-150.02563
AKR,Gates of the Arctic National Park and Preserve,GAARITKI,68.39362,-149.91618
AKR,Gates of the Arctic National Park and Preserve,GAARKURU,68.37033,-154.67577
AKR,Gates of the Arctic National Park and Preserve,GAARMWAL,67.12463,-154.33174
AKR,Gates of the Arctic National Park and Preserve,GAARNARV,66.94509,-155.63939
AKR,Gates of the Arctic National Park and Preserve,GAARNNUT,67.00975,-154.70158
AKR,Gates of the Arctic National Park and Preserve,GAARNUTU,66.96880,-154.70372
AKR,Gates of the Arctic National Park and Preserve,GAARNWAL,67.20123,-154.53601
AKR,Gates of the Arctic National Park and Preserve,GAARPALA,67.76450,-152.22928
AKR,Gates of the Arctic National Park and Preserve,GAARSELB,66.89615,-155.66460
AKR,Gates of the Arctic National Park and Preserve,GAARUPNO,67.66647,-155.55545
AKR,Gates of the Arctic National Park and Preserve,GAARWALK,67.05972,-154.30083
AKR,Glacier Bay National Park and Preserve,GLBABARTC,58.44809,-135.89775
AKR,Glacier Bay National Park and Preserve,GLBABARTC,58.44816,-135.89769
AKR,Glacier Bay National Park and Preserve,GLBABARTC,58.44819,-135.89769
AKR,Glacier Bay National Park and Preserve,GLBABEARD,58.54953,-135.96985
AKR,Glacier Bay National Park and Preserve,GLBAHUNT,58.90890,-136.13574
AKR,Glacier Bay National Park and Preserve,GLBAHUTCH,58.53657,-135.85434
AKR,Glacier Bay National Park and Preserve,GLBALSTL,58.79696,-136.35875
AKR,Glacier Bay National Park and Preserve,GLBAMCLEOD,58.91520,-136.11107
AKR,Glacier Bay National Park and Preserve,GLBAMCLEOD,58.91521,-136.11107
AKR,Glacier Bay National Park and Preserve,GLBAMCLEOD,58.91522,-136.11111
AKR,Glacier Bay National Park and Preserve,GLBAMOUSE,58.79566,-136.49073
AKR,Glacier Bay National Park and Preserve,GLBAMUIR,59.05120,-136.26954
AKR,Glacier Bay National Park and Preserve,GLBAREID,58.85633,-136.80446
AKR,Glacier Bay National Park and Preserve,GLBARENDU,58.88995,-136.63031
AKR,Glacier Bay National Park and Preserve,GLBARENDU,58.88996,-136.63036
AKR,Glacier Bay National Park and Preserve,GLBARENDU,58.88996,-136.63034
AKR,Glacier Bay National Park and Preserve,GLBATARR,58.99686,-136.92314
AKR,Glacier Bay National Park and Preserve,GLBAUSTL,58.79836,-136.35782
AKR,Glacier Bay National Park and Preserve,GLBAWILL,58.56931,-136.08836
AKR,Katmai National Park and Preserve,KATM001,58.55485,-155.77807
AKR,Katmai National Park and Preserve,KATM002,58.55775,-155.77902
AKR,Katmai National Park and Preserve,KATM003,58.54693,-155.79388
AKR,Katmai National Park and Preserve,KATM004,58.55251,-155.77825
AKR,Katmai National Park and Preserve,KATM005,58.55002,-155.77172
AKR,Katmai National Park and Preserve,KATM006,58.55593,-155.77773
AKR,Katmai National Park and Preserve,KATM007,58.55693,-155.77982
AKR,Katmai National Park and Preserve,KATMAMBA,58.10639,-154.60167
AKR,Katmai National Park and Preserve,KATMAMBA,58.10642,-154.60167
AKR,Katmai National Park and Preserve,KATMAMCR,58.82051,-155.66612
AKR,Katmai National Park and Preserve,KATMCROS,59.20414,-154.97101
AKR,Katmai National Park and Preserve,KATMCROS,59.20415,-154.97081
AKR,Katmai National Park and Preserve,KATMDORI,58.98351,-153.53938
AKR,Katmai National Park and Preserve,KATMDUPO,58.60343,-155.84497
AKR,Katmai National Park and Preserve,KATMEKUL,58.89650,-154.80084
AKR,Katmai National Park and Preserve,KATMHALO,58.42707,-154.06105
AKR,Katmai National Park and Preserve,KATMJOJO,58.61685,-155.22643
AKR,Katmai National Park and Preserve,KATMKABA,58.02355,-154.90401
AKR,Katmai National Park and Preserve,KATMKAMI,58.99634,-154.15538
AKR,Katmai National Park and Preserve,KATMPFMI,59.11098,-154.83690
AKR,Katmai National Park and Preserve,KATMSAVO,58.59578,-154.75061
AKR,Katmai National Park and Preserve,KATMSWLA,58.60592,-153.76840
AKR,Katmai National Park and Preserve,KATMTACT,58.20800,-155.96103
AKR,Katmai National Park and Preserve,KATMVTTS,58.31635,-155.22971
AKR,Kenai Fjords National Park,KEFJ001,60.18830,-149.63136
AKR,Kenai Fjords National Park,KEFJ002,60.18374,-149.66438
AKR,Kenai Fjords National Park,KEFJ003,60.18231,-149.64233
AKR,Kenai Fjords National Park,KEFJ004,60.19985,-149.60341
AKR,Kenai Fjords National Park,KEFJ005,60.18938,-149.62253
AKR,Kenai Fjords National Park,KEFJ006,60.18231,-149.64233
AKR,Lake Clark National Park and Preserve,LACLBECR,60.13182,-152.67482
AKR,Lake Clark National Park and Preserve,LACLCALA,60.44933,-154.54114
AKR,Lake Clark National Park and Preserve,LACLCHBA,59.86715,-153.11870
AKR,Lake Clark National Park and Preserve,LACLCHBA,59.86717,-153.11867
AKR,Lake Clark National Park and Preserve,LACLCHRI,60.20219,-154.70079
AKR,Lake Clark National Park and Preserve,LACLCRES,60.35843,-152.85927
AKR,Lake Clark National Park and Preserve,LACLCRES,60.35867,-152.85910
AKR,Lake Clark National Park and Preserve,LACLCRYS,61.50480,-153.00426
AKR,Lake Clark National Park and Preserve,LACLDRRI,60.61590,-152.52843
AKR,Lake Clark National Park and Preserve,LACLHANM,60.09938,-154.92592
AKR,Lake Clark National Park and Preserve,LACLHANM,60.09939,-154.92592
AKR,Lake Clark National Park and Preserve,LACLHOGL,60.94369,-154.26161
AKR,Lake Clark National Park and Preserve,LACLKELA,61.17640,-152.86098
AKR,Lake Clark National Park and Preserve,LACLKIJK,60.30791,-154.28777
AKR,Lake Clark National Park and Preserve,LACLKOLA,60.18190,-154.24837
AKR,Lake Clark National Park and Preserve,LACLLACH,60.49492,-154.00652
AKR,Lake Clark National Park and Preserve,LACLLACP,60.81785,-152.72670
AKR,Lake Clark National Park and Preserve,LACLLLAC,60.44106,-153.60962
AKR,Lake Clark National Park and Preserve,LACLMEPA,61.21243,-153.55003
AKR,Lake Clark National Park and Preserve,LACLNEAC,61.03952,-153.26408
AKR,Lake Clark National Park and Preserve,LACLNEGL,60.94599,-153.40648
AKR,Lake Clark National Park and Preserve,LACLSISA,59.97541,-152.67128
AKR,Lake Clark National Park and Preserve,LACLSISA,59.97541,-152.67126
AKR,Lake Clark National Park and Preserve,LACLSISA,59.97543,-152.67128
AKR,Lake Clark National Park and Preserve,LACLSNLA,60.61261,-154.30829
AKR,Lake Clark National Park and Preserve,LACLSURI,60.86591,-154.29276
AKR,Lake Clark National Park and Preserve,LACLTAZI,59.94171,-154.57425
AKR,Lake Clark National Park and Preserve,LACLTAZI,59.94176,-154.57402
AKR,Lake Clark National Park and Preserve,LACLTELA,60.96055,-153.84087
AKR,Lake Clark National Park and Preserve,LACLTLRV,60.63474,-153.34853
AKR,Lake Clark National Park and Preserve,LACLTUGL,60.14960,-153.55988
AKR,Lake Clark National Park and Preserve,LACLUKON,60.14191,-153.88228
AKR,Lake Clark National Park and Preserve,LACLUPTW,60.64553,-153.82079
AKR,Lake Clark National Park and Preserve,LACLUTAZ,60.04566,-154.00055
AKR,Noatak National Preserve,NOATAGGI,67.47208,-162.22420
AKR,Noatak National Preserve,NOATCUTL,67.66269,-158.17860
AKR,Noatak National Preserve,NOATKUGU,67.97138,-161.93250
AKR,Noatak National Preserve,NOATSAPN,67.89567,-160.35809
AKR,Sitka National Historical Park,SITKSACR,57.04971,-135.31555
AKR,Sitka National Historical Park,SITKTOTR,57.04600,-135.31700
AKR,Wrangell - St Elias National Park and Preserve,WRSTBLMT,62.40304,-143.66490
AKR,Wrangell - St Elias National Park and Preserve,WRSTBLMT,62.40306,-143.66490
AKR,Wrangell - St Elias National Park and Preserve,WRSTCOPA,62.42221,-142.63460
AKR,Wrangell - St Elias National Park and Preserve,WRSTNIZI,61.44660,-142.59081
AKR,Wrangell - St Elias National Park and Preserve,WRSTTALA,62.36743,-143.35181
AKR,Yukon-Charley Rivers National Preserve,YUCHCHRI,64.81870,-143.44150
AKR,Yukon-Charley Rivers National Preserve,YUCHTHRF,64.57598,-143.24370
AKR,Yukon-Charley Rivers National Preserve,YUCHY057,64.97947,-141.37151
AKR,Yukon-Charley Rivers National Preserve,YUCHY205,65.43274,-143.63200
IMR,Bandelier National Monument,BAND001,35.77942,-106.27260
IMR,Bandelier National Monument,BAND002,35.85083,-106.41780
IMR,Bandelier National Monument,BAND003,35.75873,-106.27110
IMR,Bandelier National Monument,BAND004,35.72405,-106.27440
IMR,Big Thicket National Preserve,BITH001,30.26558,-94.41460
IMR,Big Thicket National Preserve,BITH002,30.59323,-94.69775
IMR,Bryce Canyon National Park,BRCA005,37.59552,-112.16360
IMR,Bryce Canyon National Park,BRCA006,37.54332,-112.24757
IMR,Bryce Canyon National Park,BRCA007,37.58685,-112.21183
IMR,Bryce Canyon National Park,BRCA008,37.47234,-112.23744
IMR,Bryce Canyon National Park,BRCA009,37.58895,-112.16293
IMR,Bryce Canyon National Park,BRCA012,37.46769,-112.23844
IMR,Bryce Canyon National Park,BRCA013,37.60787,-112.16626
IMR,Bryce Canyon National Park,BRCA014,37.61035,-112.16492
IMR,Bryce Canyon National Park,BRCA015,37.60792,-112.16629
IMR,Bryce Canyon National Park,BRCA016,37.59623,-112.16254
IMR,Bryce Canyon National Park,BRCA017,37.54322,-112.24774
IMR,Bryce Canyon National Park,BRCA018,37.60788,-112.16634
IMR,Bryce Canyon National Park,BRCA019,37.47254,-112.23765
IMR,Bryce Canyon National Park,BRCA020,37.59081,-112.16220
IMR,Bryce Canyon National Park,BRCA021,37.57753,-112.21771
IMR,Bryce Canyon National Park,BRCA022,37.53988,-112.24553
IMR,Bryce Canyon National Park,BRCA023,37.46819,-112.23964
IMR,Bryce Canyon National Park,BRCA024,37.63954,-112.17082
IMR,Bryce Canyon National Park,BRCA025,37.62315,-112.16879
IMR,Bryce Canyon National Park,BRCA026,37.62320,-112.16882
IMR,Bryce Canyon National Park,BRCA027,37.60428,-112.15729
IMR,Bryce Canyon National Park,BRCA028,37.62666,-112.16851
IMR,Bryce Canyon National Park,BRCA029,37.62279,-112.16066
IMR,Bryce Canyon National Park,BRCA030,37.62782,-112.18215
IMR,Bryce Canyon National Park,BRCA031,37.60933,-112.15891
IMR,Bryce Canyon National Park,BRCA032,37.68284,-112.10268
IMR,Bryce Canyon National Park,BRCA033,37.62315,-112.16878
IMR,Bryce Canyon National Park,BRCA034,37.44821,-112.23356
IMR,Bryce Canyon National Park,BRCA035,37.62207,-112.17414
IMR,Bryce Canyon National Park,BRCA036,37.65019,-112.14795
IMR,Bryce Canyon National Park,BRCA037,37.56747,-112.14842
IMR,Bryce Canyon National Park,BRCA038,37.46495,-112.25944
IMR,Bryce Canyon National Park,BRCA039,37.61780,-112.17477
IMR,Bryce Canyon National Park,BRCA040,37.44800,-112.23371
IMR,Bryce Canyon National Park,BRCA041,37.46478,-112.25942
IMR,Bryce Canyon National Park,BRCA042,37.63952,-112.17086
IMR,Bryce Canyon National Park,BRCA043,37.47254,-112.23765
IMR,Bryce Canyon National Park,BRCA044,37.62315,-112.16878
IMR,Canyonlands National Park,CANY001,38.35400,-109.87024
IMR,Canyonlands National Park,CANY003,38.35337,-109.86008
IMR,Canyonlands National Park,CANY004,38.13765,-109.75185
IMR,Canyonlands National Park,CANY005,38.46283,-110.19186
IMR,Canyonlands National Park,CANY006,38.40309,-109.74768
IMR,Canyonlands National Park,CANY007,38.48458,-110.00367
IMR,Canyonlands National Park,CANY008,38.40589,-109.75890
IMR,Canyonlands National Park,CANY009,38.41869,-109.84685
IMR,Canyonlands National Park,CANY010,38.44950,-110.19200
IMR,Canyonlands National Park,CANY011,38.48380,-110.18810
IMR,Canyonlands National Park,CANY012,38.43960,-110.22930
IMR,Canyonlands National Park,CANY013,38.42740,-110.22040
IMR,Capitol Reef National Park,CARE001,38.44830,-111.19056
IMR,Capitol Reef National Park,CARE002,38.45848,-111.27098
IMR,Capitol Reef National Park,CARE003,37.85980,-111.05381
IMR,Capitol Reef National Park,CARE004,38.28418,-111.24547
IMR,Casa Grande Ruins National Monument,CAGR001,32.99433,-111.53820
IMR,Cedar Breaks National Monument,CEBR001,37.63437,-112.82410
IMR,Cedar Breaks National Monument,CEBR002,37.61281,-112.85450
IMR,Chaco Culture National Historical Park,CHCU001,36.03116,-107.91150
IMR,Chaco Culture National Historical Park,CHCU002,36.05800,-107.95810
IMR,Chaco Culture National Historical Park,CHCU003,36.02982,-108.04170
IMR,Chaco Culture National Historical Park,CHCU004,36.07191,-107.95480
IMR,Colorado National Monument,COLM001,39.09195,-108.69600
IMR,Colorado National Monument,COLM002,39.02645,-108.63350
IMR,Colorado National Monument,COLM003,39.06782,-108.69600
IMR,Colorado National Monument,COLM004,38.98646,-108.69610
IMR,Coronado National Memorial,CORO001,31.35233,-110.22620
IMR,Coronado National Memorial,CORO002,31.34217,-110.22620
IMR,Devils Tower National Monument,DETO001,44.59911,-104.71680
IMR,Devils Tower National Monument,DETO002,44.59607,-104.70331
IMR,Dinosaur National Monument,DINO001,40.42495,-109.17538
IMR,Dinosaur National Monument,DINO002,40.58521,-108.98706
IMR,Dinosaur National Monument,DINO003,40.48393,-109.10457
IMR,Dinosaur National Monument,DINO004,40.45311,-108.64488
IMR,El Malpais National Monument,ELMA001,34.97016,-108.06150
IMR,El Malpais National Monument,ELMA002,34.94500,-107.83737
IMR,El Malpais National Monument,ELMA003,34.74242,-107.98392
IMR,El Morro National Monument,ELMO001,35.04096,-108.35180
IMR,El Morro National Monument,ELMO002,35.03703,-108.35895
IMR,Fort Bowie National Historic Site,FOBO001,32.14417,-109.43970
IMR,Fort Davis National Historic Site,FODA001,30.60223,-103.89550
IMR,Fort Davis National Historic Site,FODA002,30.59617,-103.89250
IMR,Fort Laramie National Historic Site,FOLA001,42.20508,-104.53220
IMR,Glacier National Park,GLAC001,48.67092,-113.82630
IMR,Glacier National Park,GLAC002,48.66887,-113.82214
IMR,Glacier National Park,GLAC003,48.73156,-113.76202
IMR,Glacier National Park,GLAC010,48.71213,-113.48330
IMR,Glacier National Park,GLAC019,48.73083,-113.46340
IMR,Glen Canyon National Recreation Area,GLCA006,37.01984,-111.52850
IMR,Glen Canyon National Recreation Area,GLCA007,36.99410,-111.48990
IMR,Glen Canyon National Recreation Area,GLCA008,37.07777,-110.96250
IMR,Glen Canyon National Recreation Area,GLCA009,37.30342,-110.73640
IMR,Glen Canyon National Recreation Area,GLCA010,37.10004,-111.50520
IMR,Glen Canyon National Recreation Area,GLCA011,37.92109,-110.31220
IMR,Glen Canyon National Recreation Area,GLCA012,38.22666,-110.15090
IMR,Glen Canyon National Recreation Area,GLCA016,37.43071,-110.65190
IMR,Glen Canyon National Recreation Area,GLCA017,37.47441,-110.58280
IMR,Glen Canyon National Recreation Area,GLCA018,37.54443,-110.58260
IMR,Glen Canyon National Recreation Area,GLCA019,37.56828,-110.68370
IMR,Grand Canyon National Park,GRCA070,36.23612,-111.97770
IMR,Grand Canyon National Park,GRCA071,36.22144,-111.95060
IMR,Grand Teton National Park,GRTEAPLK,43.59379,-110.72160
IMR,Grand Teton National Park,GRTEBAFL,43.71888,-110.68370
IMR,Grand Teton National Park,GRTEBBCR,43.69282,-110.69550
IMR,Grand Teton National Park,GRTEBEC2,43.68560,-110.74010
IMR,Grand Teton National Park,GRTEBECR,43.68756,-110.73690
IMR,Grand Teton National Park,GRTEBTBU,43.67215,-110.67210
IMR,Grand Teton National Park,GRTECABA,43.85164,-110.59330
IMR,Grand Teton National Park,GRTECBLD,43.90723,-110.64710
IMR,Grand Teton National Park,GRTECBPA,43.90789,-110.64730
IMR,Grand Teton National Park,GRTECBPL,43.90834,-110.64700
IMR,Grand Teton National Park,GRTECCNF,43.76822,-110.81830
IMR,Grand Teton National Park,GRTEFLSO,44.09114,-110.67360
IMR,Grand Teton National Park,GRTEGC3M,43.72505,-110.76580
IMR,Grand Teton National Park,GRTEGCMD,43.72573,-110.78920
IMR,Grand Teton National Park,GRTEGLR2,44.09944,-110.73770
IMR,Grand Teton National Park,GRTEGRLR,44.09539,-110.69120
IMR,Grand Teton National Park,GRTEGVCE,43.62244,-110.65370
IMR,Grand Teton National Park,GRTEHQC1,43.65712,-110.71480
IMR,Grand Teton National Park,GRTEHQOF,43.65544,-110.71600
IMR,Grand Teton National Park,GRTEHUBA,43.67465,-110.61780
IMR,Grand Teton National Park,GRTEJEHT,43.76925,-110.74650
IMR,Grand Teton National Park,GRTEJHAL,43.61662,-110.73260
IMR,Grand Teton National Park,GRTEJLBH,43.75165,-110.72650
IMR,Grand Teton National Park,GRTEJLCI,43.93135,-110.64670
IMR,Grand Teton National Park,GRTEJLDI,43.87085,-110.66560
IMR,Grand Teton National Park,GRTEJLLR,43.76292,-110.71460
IMR,Grand Teton National Park,GRTEJLSL,43.82221,-110.62320
IMR,Grand Teton National Park,GRTELOSA,43.73369,-110.81084
IMR,Grand Teton National Park,GRTEMURA,43.64942,-110.73079
IMR,Grand Teton National Park,GRTEMWR1,43.63567,-110.76908
IMR,Grand Teton National Park,GRTEMWR2,43.61265,-110.79222
IMR,Grand Teton National Park,GRTEMWR3,43.65266,-110.73983
IMR,Grand Teton National Park,GRTEMWR3LN,43.65266,-110.73980
IMR,Grand Teton National Park,GRTENERS,43.56306,-110.71593
IMR,Grand Teton National Park,GRTEOXP2,43.86214,-110.53100
IMR,Grand Teton National Park,GRTEOXPP,43.86706,-110.55850
IMR,Grand Teton National Park,GRTEPACR,43.85547,-110.52215
IMR,Grand Teton National Park,GRTEPETR,43.68398,-110.74014
IMR,Grand Teton National Park,GRTEPHWE,43.80864,-110.63428
IMR,Grand Teton National Park,GRTEPLJR,43.64905,-110.79350
IMR,Grand Teton National Park,GRTEPLLN,43.63432,-110.79550
IMR,Grand Teton National Park,GRTESC01,43.77845,-110.50640
IMR,Grand Teton National Park,GRTESC02,43.77190,-110.50800
IMR,Grand Teton National Park,GRTESC03,43.78359,-110.50350
IMR,Grand Teton National Park,GRTESC05,43.78731,-110.51060
IMR,Grand Teton National Park,GRTESCL1,43.78759,-110.50010
IMR,Grand Teton National Park,GRTESCL2,43.79119,-110.49720
IMR,Grand Teton National Park,GRTESCL3,43.79149,-110.48590
IMR,Grand Teton National Park,GRTESCLN,43.78759,-110.50010
IMR,Grand Teton National Park,GRTESRSN,43.79544,-110.58134
IMR,Grand Teton National Park,GRTESTGL,43.65544,-110.61626
IMR,Grand Teton National Park,GRTETIIS,43.71481,-110.71354
IMR,Grand Teton National Park,GRTETRLG,43.82318,-110.61452
IMR,Grand Teton National Park,GRTEWHGR,43.65469,-110.76981
IMR,Grand Teton National Park,GRTEWPDP,43.67953,-110.72840
IMR,Grant-Kohrs Ranch National Historic Site,GRKO001,46.40757,-112.74100
IMR,Great Sand Dunes National Park and Preserve,GRSA001,37.89406,-105.72549
IMR,Great Sand Dunes National Park and Preserve,GRSA002,37.88045,-105.68887
IMR,Great Sand Dunes National Park and Preserve,GRSA003,37.73352,-105.52631
IMR,Great Sand Dunes National Park and Preserve,GRSA004,37.87230,-105.45777
IMR,Great Sand Dunes National Park and Preserve,GRSA005,37.75867,-105.62526
IMR,Great Sand Dunes National Park and Preserve,GRSA006,37.69105,-105.70627
IMR,Little Bighorn Battlefield National Monument,LIBI001,45.52237,-107.38010
IMR,Mesa Verde National Park,MEVE001,37.28678,-108.46730
IMR,Mesa Verde National Park,MEVE002,37.24432,-108.40880
IMR,Mesa Verde National Park,MEVE003,37.18567,-108.48900
IMR,Montezuma Castle National Monument,MOCA001,34.61165,-111.84300
IMR,Montezuma Castle National Monument,MOCA002,34.65053,-111.75440
IMR,Organ Pipe Cactus National Monument,ORPI001,32.13075,-113.08493
IMR,Organ Pipe Cactus National Monument,ORPI002,32.16952,-112.95064
IMR,Organ Pipe Cactus National Monument,ORPI003,32.20065,-112.98514
IMR,Rocky Mountain National Park,ROMO011,40.41853,-105.81360
IMR,Rocky Mountain National Park,ROMO012,40.39924,-105.83570
IMR,Rocky Mountain National Park,ROMO013,40.37715,-105.60970
IMR,Rocky Mountain National Park,ROMO015,40.41379,-105.65960
IMR,Rocky Mountain National Park,ROMO016,40.39349,-105.65930
IMR,Rocky Mountain National Park,ROMO018,40.30902,-105.65240
IMR,Rocky Mountain National Park,ROMO101,40.21769,-105.57570
IMR,Rocky Mountain National Park,ROMOMC1,40.38023,-105.59993
IMR,Saguaro National Park,SAGU001,32.14232,-110.67908
IMR,Saguaro National Park,SAGU011,32.27148,-111.23492
IMR,Saguaro National Park,SAGU012,32.26654,-111.20632
IMR,Saguaro National Park,SAGU015,32.26316,-111.23378
IMR,Saguaro National Park,SAGU016,32.25333,-111.21683
IMR,Saguaro National Park,SAGU017,32.22676,-111.19942
IMR,Saguaro National Park,SAGU018,32.32551,-111.13214
IMR,Saguaro National Park,SAGU019,32.32366,-111.14868
IMR,San Antonio Missions National Historical Park,SAANMISSIONSANJUAN,29.33294,-98.45534
IMR,Sand Creek Massacre National Historic Site,SAND001,38.55259,-102.50508
IMR,Sunset Crater Volcano National Monument,SUCR001,35.36640,-111.51620
IMR,Tumacacori National Historical Park,TUMA001,31.41033,-110.90220
IMR,Tumacacori National Historical Park,TUMA002,31.57067,-111.04770
IMR,Tuzigoot National Monument,TUZI001,34.77493,-112.02490
IMR,Valles Caldera National Preserve,VALL001,35.95393,-106.47450
IMR,Valles Caldera National Preserve,VALL002,35.87658,-106.51070
IMR,Walnut Canyon National Monument,CHERRY001,35.15878,-111.47920
IMR,Walnut Canyon National Monument,WACA001,35.17367,-111.52240
IMR,Walnut Canyon National Monument,WACA002,35.17731,-111.45950
IMR,Walnut Canyon National Monument,WACA003,35.15623,-111.47660
IMR,Washita Battlefield National Historic Site,WABA001,35.60917,-99.70072
IMR,Yellowstone National Park,YELLACLN,44.48553,-110.16409
IMR,Yellowstone National Park,YELLBEC1,44.13200,-111.02231
IMR,Yellowstone National Park,YELLBTBC,44.93443,-110.59263
IMR,Yellowstone National Park,YELLBTRS,44.95518,-110.59140
IMR,Yellowstone National Park,YELLCLRS,44.70412,-110.57818
IMR,Yellowstone National Park,YELLCRPA,44.65995,-110.75095
IMR,Yellowstone National Park,YELLCVDA,44.73528,-110.49157
IMR,Yellowstone National Park,YELLDLCR,44.43573,-110.69513
IMR,Yellowstone National Park,YELLFLBC,44.67613,-110.25278
IMR,Yellowstone National Park,YELLFOPP,44.55047,-110.80660
IMR,Yellowstone National Park,YELLGVLL,44.32449,-110.59624
IMR,Yellowstone National Park,YELLLAKEPASSBY,44.56668,-110.38890
IMR,Yellowstone National Park,YELLLSGY,44.41930,-110.80481
IMR,Yellowstone National Park,YELLLVWI,44.88406,-110.22073
IMR,Yellowstone National Park,YELLMACS,44.96624,-110.70197
IMR,Yellowstone National Park,YELLMBMD,44.95032,-110.07675
IMR,Yellowstone National Park,YELLMJ23,44.64254,-110.89645
IMR,Yellowstone National Park,YELLMJ2B,44.64240,-110.89750
IMR,Yellowstone National Park,YELLMM4K,44.57434,-110.80231
IMR,Yellowstone National Park,YELLMM8K,44.58153,-110.78603
IMR,Yellowstone National Park,YELLMMTR,44.56947,-110.81089
IMR,Yellowstone National Park,YELLMUVO,44.62347,-110.43077
IMR,Yellowstone National Park,YELLNPCR,44.57241,-110.82034
IMR,Yellowstone National Park,YELLNTLA,44.77484,-110.73576
IMR,Yellowstone National Park,YELLOFGY,44.45921,-110.82790
IMR,Yellowstone National Park,YELLOFUB,44.46325,-110.82740
IMR,Yellowstone National Park,YELLOFWS,44.45688,-110.83178
IMR,Yellowstone National Park,YELLPPRD,44.45752,-110.48940
IMR,Yellowstone National Park,YELLSEAR,44.38382,-110.23740
IMR,Yellowstone National Park,YELLSEAW,44.34999,-110.27630
IMR,Yellowstone National Park,YELLSHGB,44.35712,-110.79760
IMR,Yellowstone National Park,YELLSLLN,44.47952,-110.16026
IMR,Yellowstone National Park,YELLSPC2,44.43364,-110.74387
IMR,Yellowstone National Park,YELLSPCR,44.43100,-110.75323
IMR,Yellowstone National Park,YELLSYL3,44.47571,-110.15714
IMR,Yellowstone National Park,YELLWEST,44.65773,-111.09275
IMR,Yellowstone National Park,YELLWETH,44.41589,-110.57093
IMR,Yellowstone National Park,YELLWY31,44.65060,-111.02554
IMR,Zion National Park,ZIONGWT01,37.26470,-112.94664
IMR,Zion National Park,ZIONPNCK02,37.21713,-112.97708
MWR,Agate Fossil Beds National Monument,AGFO001,42.42506,-103.73300
MWR,Fort Union Trading Post National Historic Site,FOUS001,48.00093,-104.04760
MWR,Grand Portage National Monument,GRPO001,47.99688,-89.73601
MWR,Grand Portage National Monument,GRPO002,47.96129,-89.68645
MWR,Herbert Hoover National Historic Site,HEHO001,41.66827,-91.35307
MWR,Homestead National Historical Park,HOME001,40.29030,-96.83520
MWR,Homestead National Historical Park,HOME002,40.29277,-96.84254
MWR,Homestead National Historical Park,HOME003,40.29129,-96.83483
MWR,Homestead National Historical Park,HOME004,40.28622,-96.83797
MWR,Homestead National Historical Park,HOME008,40.28526,-96.83923
MWR,Isle Royale National Park,ISRO001,48.14757,-88.48313
MWR,Isle Royale National Park,ISRO002,48.06378,-88.64597
MWR,Isle Royale National Park,ISRO003,47.92153,-89.03405
MWR,Knife River Indian Villages National Historic Site,KNRI001,47.32153,-101.37090
MWR,Mount Rushmore National Memorial,MORU002,43.87686,-103.45638
MWR,Mount Rushmore National Memorial,MORU004,43.87959,-103.46161
MWR,Mount Rushmore National Memorial,MORU005,43.88705,-103.46210
MWR,Mount Rushmore National Memorial,MORUA2501,43.87660,-103.45574
MWR,Mount Rushmore National Memorial,MORUA2502,43.88345,-103.45311
MWR,Mount Rushmore National Memorial,MORUA2503,43.89085,-103.46982
MWR,Ozark National Scenic Riverways,OZAR001,37.30507,-91.41431
MWR,Ozark National Scenic Riverways,OZAR002,37.05980,-91.56357
MWR,Ozark National Scenic Riverways,OZAR003,37.03399,-91.05587
MWR,Pictured Rocks National Lakeshore,PIRO001,46.48867,-86.55622
MWR,Pictured Rocks National Lakeshore,PIRO002,46.56924,-86.36867
MWR,Pictured Rocks National Lakeshore,PIRO003,46.66251,-86.02761
MWR,Pipestone National Monument,PIPE001,44.01740,-96.32489
MWR,Saint Croix National Scenic Riverway,SACN001,45.26050,-92.75419
MWR,Saint Croix National Scenic Riverway,SACN002,45.79947,-92.76707
MWR,Scotts Bluff National Monument,SCBL001,41.82924,-103.70830
MWR,Scotts Bluff National Monument,SCBL002,41.82293,-103.71880
MWR,Theodore Roosevelt National Park,THRO001,47.24405,-103.62350
MWR,Theodore Roosevelt National Park,THRO002,47.23381,-103.62160
MWR,Theodore Roosevelt National Park,THRO004,46.98351,-103.53720
MWR,Theodore Roosevelt National Park,THRO005,47.59954,-103.45190
MWR,Theodore Roosevelt National Park,THRO006,47.60148,-103.28030
NCR,Catoctin Mountain Park,CATO001,39.63492,-77.45451
NCR,Catoctin Mountain Park,CATO002,39.66064,-77.48470
NCR,Catoctin Mountain Park,CATO003,39.67681,-77.48265
NCR,Manassas National Battlefield Park,MANA001,38.82161,-77.53353
NCR,Manassas National Battlefield Park,MANA002,38.83680,-77.51645
NCR,Monocacy National Battlefield,MONO001,39.35570,-77.40478
NCR,Monocacy National Battlefield,MONO002,39.36826,-77.38325
NCR,Rock Creek Park,ROCR001,38.97538,-77.04632
NCR,Wolf Trap National Park for the Performing Arts,WOTR001,38.93617,-77.26485
NER,Appomattox Court House National Historical Park,APCO001,37.37348,-78.79803
NER,Appomattox Court House National Historical Park,APCO002,37.38843,-78.77950
NER,Cedar Creek and Belle Grove National Historical Park,CEBE001,39.00869,-78.30540
NER,Katahdin Woods and Waters National Monument,KAWW001,46.05017,-68.57112
NER,Minute Man National Historical Park,MIMA005,42.45445,-71.29340
NER,Minute Man National Historical Park,MIMA006,42.46088,-71.31289
NER,Shenandoah National Park,SHEN001,38.25010,-78.73483
NER,Shenandoah National Park,SHEN002,38.55083,-78.31875
NER,Shenandoah National Park,SHEN003,38.59776,-78.37224
NER,Shenandoah National Park,SHEN004,38.76158,-78.27244
NER,Weir Farm National Historical Park,WEFA001,41.25756,-73.45463
NER,Weir Farm National Historical Park,WEFA002,41.25567,-73.45805
PWR,Cabrillo National Monument,CABR001,32.66861,-117.23926
PWR,Cabrillo National Monument,CABR002,32.67398,-117.24418
PWR,City Of Rocks National Reserve,CIRO001,42.11555,-113.72444
PWR,City Of Rocks National Reserve,CIRO002,42.09500,-113.69722
PWR,City Of Rocks National Reserve,CIRO003,42.07111,-113.68945
PWR,City Of Rocks National Reserve,CIRO004,42.07083,-113.71306
PWR,City Of Rocks National Reserve,CIRO005,42.07476,-113.72601
PWR,City Of Rocks National Reserve,CIRO006,42.05754,-113.69143
PWR,City Of Rocks National Reserve,CIRO007,42.07101,-113.71325
PWR,City Of Rocks National Reserve,CIRO008,42.03599,-113.73206
PWR,City Of Rocks National Reserve,CIRO009,42.04024,-113.71045
PWR,Crater Lake National Park,CRLA001,43.00000,-122.02700
PWR,Crater Lake National Park,CRLA002,42.97546,-122.03930
PWR,Crater Lake National Park,CRLA003,42.97546,-122.03930
PWR,Crater Lake National Park,CRLA004,42.85088,-122.15720
PWR,Crater Lake National Park,CRLA005,42.86050,-122.06690
PWR,Crater Lake National Park,CRLA006,43.02600,-122.14110
PWR,Crater Lake National Park,CRLA007,42.85189,-122.27450
PWR,Crater Lake National Park,CRLA008,43.06465,-122.23080
PWR,Crater Lake National Park,CRLA009,42.81616,-122.17790
PWR,Crater Lake National Park,CRLA010,42.93118,-122.28160
PWR,Crater Lake National Park,CRLA011,43.01887,-122.00870
PWR,Crater Lake National Park,CRLA012,42.81247,-122.02520
PWR,Crater Lake National Park,CRLA013,42.83450,-122.14500
PWR,Crater Lake National Park,CRLA014,43.07418,-122.11740
PWR,Crater Lake National Park,CRLA015,42.84906,-122.01260
PWR,Crater Lake National Park,CRLA017,43.07272,-122.02040
PWR,Crater Lake National Park,CRLA018,42.94099,-122.15760
PWR,Crater Lake National Park,CRLA019,42.98101,-122.08590
PWR,Crater Lake National Park,CRLA020,42.96811,-122.15810
PWR,Crater Lake National Park,CRLA022,43.05670,-122.10820
PWR,Craters of the Moon National Monument and Preserve,CRMO001,43.44538,-113.52890
PWR,Craters of the Moon National Monument and Preserve,CRMO002,42.95254,-113.21370
PWR,Craters of the Moon National Monument and Preserve,CRMO003,43.39246,-113.51610
PWR,Craters of the Moon National Monument and Preserve,CRMO004,43.51630,-113.50650
PWR,Craters of the Moon National Monument and Preserve,CRMO005,43.31663,-113.73460
PWR,Craters of the Moon National Monument and Preserve,CRMO006,42.74665,-113.30020
PWR,Devils Postpile National Monument,DEPO001,37.62626,-119.08953
PWR,Devils Postpile National Monument,DEPO002,37.86970,-119.31991
PWR,Devils Postpile National Monument,DEPO003,37.61663,-119.09145
PWR,Devils Postpile National Monument,DEPO004,37.61663,-119.09145
PWR,Ebey's Landing National Historical Reserve,EBLA001,48.18930,-122.66640
PWR,Ebey's Landing National Historical Reserve,EBLA002,48.19182,-122.70360
PWR,Golden Gate National Recreation Area,GOGA001,37.82685,-122.42410
PWR,Golden Gate National Recreation Area,GOGA002,37.86586,-122.57967
PWR,Golden Gate National Recreation Area,GOGA003,37.82178,-122.52847
PWR,Golden Gate National Recreation Area,GOGA004,37.82768,-122.42316
PWR,Golden Gate National Recreation Area,GOGA005,37.80444,-122.45506
PWR,Golden Gate National Recreation Area,GOGA006,37.63660,-122.47310
PWR,Golden Gate National Recreation Area,GOGA007,37.80441,-122.43140
PWR,Great Basin National Park,GRBA010,39.00513,-114.21780
PWR,Great Basin National Park,GRBA011,39.00370,-114.34630
PWR,Great Basin National Park,GRBA012,38.82026,-114.28120
PWR,Haleakala National Park,HALE001,20.70989,-156.21082
PWR,Haleakala National Park,HALE002,20.72296,-156.19809
PWR,Haleakala National Park,HALE003,20.66848,-156.05807
PWR,Haleakala National Park,HALE004,20.64563,-156.18671
PWR,Hawaii Volcanoes National Park,HAVO002,19.50418,-155.39313
PWR,Hawaii Volcanoes National Park,HAVO002,19.50418,-155.39312
PWR,Hawaii Volcanoes National Park,HAVO002B,19.39404,-155.28340
PWR,Hawaii Volcanoes National Park,HAVO004,19.11487,-155.68761
PWR,Hawaii Volcanoes National Park,HAVO008,19.38090,-155.21967
PWR,Hawaii Volcanoes National Park,HAVO009,19.37523,-155.14941
PWR,Hawaii Volcanoes National Park,HAVO009A,19.37433,-155.20821
PWR,John Day Fossil Beds National Monument,JODA001,44.59265,-119.62660
PWR,John Day Fossil Beds National Monument,JODA002,44.65339,-119.63790
PWR,John Day Fossil Beds National Monument,JODA003,44.91755,-120.44300
PWR,John Day Fossil Beds National Monument,JODA004,44.64510,-120.26810
PWR,Kaloko-Honokohau National Historical Park,KAHO001,19.67892,-156.02200
PWR,Kaloko-Honokohau National Historical Park,KAHO002,19.68216,-156.02660
PWR,Kaloko-Honokohau National Historical Park,KAHO003,19.68450,-156.03210
PWR,Lake Mead National Recreation Area,LAKE021,36.41128,-114.41130
PWR,Lake Mead National Recreation Area,LAKE022,35.93844,-114.62690
PWR,Lassen Volcanic National Park,LAVO001,40.51491,-121.55050
PWR,Lassen Volcanic National Park,LAVO002,40.46107,-121.50920
PWR,Lassen Volcanic National Park,LAVO003,40.52458,-121.40190
PWR,Lava Beds National Monument,LABE001,41.81979,-121.52440
PWR,Lava Beds National Monument,LABE002,41.70301,-121.51990
PWR,Lava Beds National Monument,LABE003,41.76867,-121.49510
PWR,Minidoka National Historic Site,MIIN001,42.68044,-114.24530
PWR,Mount Rainier National Park,MORA001,46.75228,-121.81490
PWR,Mount Rainier National Park,MORA002,46.97850,-121.85830
PWR,Mount Rainier National Park,MORA003,46.93457,-121.50273
PWR,Mount Rainier National Park,MORA004,46.80028,-121.55295
PWR,Mount Rainier National Park,MORA005,46.77542,-121.71900
PWR,Mount Rainier National Park,MORA006,46.92060,-121.58390
PWR,Mount Rainier National Park,MORA008,46.86319,-121.65873
PWR,Mount Rainier National Park,MORA009,46.80450,-121.76837
PWR,Mount Rainier National Park,MORA010,46.77630,-121.60947
PWR,Mount Rainier National Park,MORA011,46.90891,-121.82290
PWR,Mount Rainier National Park,MORA012,46.75627,-121.73980
PWR,Mount Rainier National Park,MORA015,46.79531,-121.88220
PWR,Mount Rainier National Park,MORA016,46.91941,-121.51890
PWR,Mount Rainier National Park,MORACLOVER,46.92970,-121.59320
PWR,Mount Rainier National Park,MORAVANTRUMP,46.79882,-121.77650
PWR,Mount Rainier National Park,MOWICH,46.93420,-121.86060
PWR,Mount Rainier National Park,NISQUALLY,46.77576,-121.76430
PWR,Mount Rainier National Park,PTARMIGAN,46.91586,-121.82100
PWR,Mount Rainier National Park,SHRINER,46.80194,-121.55450
PWR,Mount Rainier National Park,STEVENS,46.74720,-121.57360
PWR,Muir Woods National Monument,MUWO001,37.89607,-122.57620
PWR,Muir Woods National Monument,MUWO003,37.89607,-122.57620
PWR,Muir Woods National Monument,MUWO004,37.89872,-122.57590
PWR,Muir Woods National Monument,MUWO005,37.89872,-122.57590
PWR,Muir Woods National Monument,MUWO006,37.89800,-122.57450
PWR,Muir Woods National Monument,MUWO007,37.89596,-122.57640
PWR,Muir Woods National Monument,MUWO008,37.89287,-122.57280
PWR,North Cascades National Park,NOCA001,48.98057,-121.07953
PWR,North Cascades National Park,NOCA002,48.81127,-121.04354
PWR,North Cascades National Park,NOCA003,48.73472,-121.03521
PWR,North Cascades National Park,NOCA004,48.38290,-120.83544
PWR,North Cascades National Park,NOCA005,48.69269,-121.10412
PWR,North Cascades National Park,NOCA006,48.46709,-121.05992
PWR,North Cascades National Park,NOCA007,48.89004,-121.52149
PWR,Olympic National Park,OLYM001,47.86627,-123.91460
PWR,Olympic National Park,OLYM002,47.88517,-124.59748
PWR,Olympic National Park,OLYM003,47.96968,-123.50123
PWR,Olympic National Park,OLYM004,48.06960,-123.84014
PWR,Olympic National Park,OLYM005,48.11472,-124.65189
PWR,Olympic National Park,OLYM006,47.90646,-123.72738
PWR,Olympic National Park,OLYM007,47.52369,-123.33690
PWR,Olympic National Park,OLYM008,47.81845,-123.21420
PWR,Olympic National Park,OLYM101BP,48.05344,-123.79610
PWR,Olympic National Park,OLYM101F,48.06874,-123.92420
PWR,Point Reyes National Seashore,PORE001,38.03025,-122.80420
PWR,Point Reyes National Seashore,PORE002,38.03476,-122.82190
PWR,Point Reyes National Seashore,PORE003,38.04344,-122.80010
PWR,Sequoia and Kings Canyon National Parks,SEKI003,36.79533,-118.58887
PWR,Sequoia and Kings Canyon National Parks,SEKI004,36.69860,-118.92010
PWR,Sequoia and Kings Canyon National Parks,SEKI005,36.52080,-118.75760
PWR,Sequoia and Kings Canyon National Parks,SEKI006,36.56361,-118.34556
PWR,Sequoia and Kings Canyon National Parks,SEKI007,36.56760,-118.77810
PWR,Tule Springs Fossil Beds National Monument,TUSK001,36.33017,-115.19020
PWR,Tule Springs Fossil Beds National Monument,TUSK002,36.45004,-115.39266
PWR,U S S Arizona Memorial,VALR001,21.36528,-157.95020
PWR,Yosemite National Park,YOSE001,37.88940,-119.66342
PWR,Yosemite National Park,YOSE002,37.86956,-119.31988
PWR,Yosemite National Park,YOSE003,37.82753,-119.49609
PWR,Yosemite National Park,YOSE004,37.92415,-119.27428
PWR,Yosemite National Park,YOSE005,37.87112,-119.33086
PWR,Yosemite National Park,YOSE006,37.74664,-119.58541
PWR,Yosemite National Park,YOSE006,37.74691,-119.58517
PWR,Yosemite National Park,YOSE007,37.78711,-119.85903
PWR,Yosemite National Park,YOSE008,37.72261,-119.58282
PWR,Yosemite National Park,YOSE008,37.72306,-119.58333
PWR,Yosemite National Park,YOSE009,37.65629,-119.60101
PWR,Yosemite National Park,YOSE010,37.87842,-119.36771
PWR,Yosemite National Park,YOSE011,37.81073,-119.48557
PWR,Yosemite National Park,YOSE012,37.87045,-119.33328
PWR,Yosemite National Park,YOSE013,37.76904,-119.80712
PWR,Yosemite National Park,YOSE014,37.50360,-119.60830
SER,Andersonville National Historic Site,ANDE001,32.20585,-84.12993
SER,Andersonville National Historic Site,ANDE002,32.19023,-84.12761
SER,Andersonville National Historic Site,ANDE003,32.19927,-84.12717
SER,Big South Fork National River and Recreation Area,BISO001,36.58062,-84.70716
SER,Big South Fork National River and Recreation Area,BISO002,36.38413,-84.66714
SER,Canaveral National Seashore,CANA001,28.89451,-80.80729
SER,Canaveral National Seashore,CANA002,28.64345,-80.62561
SER,Cape Hatteras National Seashore,CAHA001,35.80307,-75.54476
SER,Cape Hatteras National Seashore,CAHA002,35.82531,-75.56968
SER,Chickamauga and Chattanooga National Military Park,CHCH001,35.04021,-85.34163
SER,Chickamauga and Chattanooga National Military Park,CHCH002,35.03459,-85.33022
SER,Congaree National Park,CONG001,33.81390,-80.76813
SER,Cumberland Island National Seashore,CUIS001,30.91510,-81.44586
SER,Cumberland Island National Seashore,CUIS002,30.88775,-81.43582
SER,Cumberland Island National Seashore,CUIS003,30.86526,-81.43123
SER,Dry Tortugas National Park,DRTO001,24.62926,-82.87163
SER,Everglades National Park,EVER001,25.15030,-80.51431
SER,Everglades National Park,EVER002,25.71359,-80.76011
SER,Everglades National Park,EVER004,25.42191,-80.94398
SER,Everglades National Park,EVER005,25.42483,-80.67991
SER,Everglades National Park,EVER006,25.14041,-80.93875
SER,Fort Caroline National Memorial,FOCA001,30.38366,-81.49815
SER,Fort Donelson National Battlefield,FODO001,36.49221,-87.85602
SER,Fort Donelson National Battlefield,FODO002,36.50233,-88.05628
SER,Fort Raleigh National Historic Site,FORA001,35.93815,-75.70839
SER,Fort Raleigh National Historic Site,FORA002,35.93855,-75.71715
SER,Great Smoky Mountains National Park,GRSM001,35.59221,-83.47369
SER,Great Smoky Mountains National Park,GRSM002,35.55863,-83.85697
SER,Great Smoky Mountains National Park,GRSM004,35.58825,-83.07700
SER,Great Smoky Mountains National Park,GRSM005,35.67185,-83.49243
SER,Great Smoky Mountains National Park,GRSM010,35.68039,-83.64867
SER,Great Smoky Mountains National Park,GRSM011,35.71306,-83.63494
SER,Great Smoky Mountains National Park,GRSM012,35.76697,-83.52781
SER,Great Smoky Mountains National Park,GRSM013,35.68296,-83.63902
SER,Great Smoky Mountains National Park,GRSM014,35.69341,-83.63060
SER,Great Smoky Mountains National Park,GRSM015,35.71884,-83.60497
SER,Great Smoky Mountains National Park,GRSM016,35.74207,-83.54267
SER,Great Smoky Mountains National Park,GRSM017,35.58801,-83.82160
SER,Great Smoky Mountains National Park,GRSM018,35.68771,-83.49911
SER,Guilford Courthouse National Military Park,GUCO001,36.13369,-79.84543
SER,Guilford Courthouse National Military Park,GUCO002,36.13117,-79.84033
SER,Gulf Islands National Seashore,GUIS001,30.32511,-87.27640
SER,Gulf Islands National Seashore,GUIS002,30.24192,-88.76708
SER,Gulf Islands National Seashore,GUIS003,30.20615,-88.43129
SER,Kings Mountain National Military Park,KIMO001,35.14079,-81.37952
SER,Kings Mountain National Military Park,KIMO002,35.12191,-81.40055
SER,Natchez Trace Parkway,NATR001,34.64566,-88.13062
SER,Natchez Trace Parkway,NATR002,34.83054,-87.91782
SER,Natchez Trace Parkway,NATR003,34.67553,-88.08482
SER,Timucuan Ecological and Historic Preserve,TIMU001,30.43941,-81.43678
SER,Timucuan Ecological and Historic Preserve,TIMU002,30.37870,-81.48343
SER,Vicksburg National Military Park,VICK001,32.37897,-90.84873
SER,Vicksburg National Military Park,VICK002,32.33262,-90.86265
SER,Wright Brothers National Memorial,WRBR001,36.01748,-75.66532
SER,Wright Brothers National Memorial,WRBR002,36.01662,-75.67418

