UNIT_CODE,MIN_E,MAX_E,RANG_E,MEAN_E,STD_E,SUM_E,MEDIAN_E,PCT90_E
GICL,30.391929626464844,34.824710845947266,4.432781219482422,31.638364923411409,0.986679915309665,917.512582778930891,31.350959777832031,32.816590881347658
ASIS,38.566829681396484,45.231338500976562,6.664508819580078,40.248323334902366,0.713475650760241,81382.109783172578318,40.209939956665039,41.053695297241212
VALL,29.939910888671875,35.734878540039062,5.794967651367188,31.680018072047137,0.689217729276054,156309.209167480585165,31.573034286499023,32.503701782226564
PETE,35.413459777832031,51.973880767822266,16.560420989990234,41.710198019083222,4.026106190082438,21480.751979827859032,41.005451202392578,47.654989624023443
DINO,23.722459793090820,35.951759338378906,12.229299545288086,29.605724785396262,1.544399785964926,345942.894117355346680,29.856859207153320,31.313059997558593
CUGA,33.523361206054688,47.359428405761719,13.836067199707031,36.207613738788467,2.925954507086177,49061.316616058371437,35.008621215820312,41.578665161132818
BAND,24.572439193725586,39.151828765869141,14.579389572143555,29.546093396937604,2.755769754781312,55546.655586242697609,29.971725463867188,32.608672332763675
AMCH,34.648769378662109,38.206619262695312,3.557849884033203,36.474670127586073,0.858039354878133,984.816093444823991,36.505008697509766,37.525476837158209
INDU,38.943260192871094,49.080749511718750,10.137489318847656,44.585944973237289,2.167753595352667,38120.982952117883542,44.825008392333984,47.156787872314453
BADL,28.104549407958984,35.670150756835938,7.565601348876953,32.696534662936024,0.948237656844241,440062.660028455953579,32.764778137207031,33.841526794433591
CABR,44.548061370849609,47.035678863525391,2.487617492675781,45.918230056762695,0.836463774825098,367.345840454101562,46.004066467285156,47.029112625122067
CHOH,35.251018524169922,55.528099060058594,20.277080535888672,40.567942917983338,3.316627960507167,45598.367839813268802,39.868326187133789,45.075455093383788
GOGA,33.647079467773438,53.737911224365234,20.090831756591797,39.901482736923981,4.572347206267140,169581.301631926908158,38.143644332885742,46.632053756713873
BOST,53.586589813232422,53.712989807128906,0.126399993896484,53.649789810180664,0.063199996948242,107.299579620361328,53.649789810180664,53.700349807739258
MAVA,36.300838470458984,40.040309906005859,3.739471435546875,38.591322057387409,1.145527058180088,656.052474975585938,38.761360168457031,39.838587188720702
SPAR,54.731578826904297,55.417499542236328,0.685920715332031,55.045294761657715,0.280320181132653,220.181179046630859,55.016050338745117,55.355411911010741
ACAD,30.231189727783203,42.691169738769531,12.459980010986328,34.947165609149586,1.966963825579379,67238.346632003798732,34.845159530639648,37.296197891235352
ADAM,50.008090972900391,50.008090972900391,0.000000000000000,50.008090972900391,0.000000000000000,50.008090972900391,50.008090972900391,50.008090972900391
MIMA,42.699131011962891,46.004508972167969,3.305377960205078,44.217766585173436,0.665968599469088,2387.759395599365689,44.180795669555664,45.048710250854491
SAIR,47.432071685791016,47.432071685791016,0.000000000000000,47.432071685791016,0.000000000000000,47.432071685791016,47.432071685791016,47.432071685791016
CACO,36.160209655761719,46.924968719482422,10.764759063720703,39.092913740883610,1.396192040077128,68138.948650360136526,38.924400329589844,40.812739562988284
ELRO,41.775981903076172,44.606410980224609,2.830429077148438,42.887517929077148,0.970504811073874,343.100143432617188,42.744371414184570,44.067760467529297
LONG,53.473300933837891,53.473300933837891,0.000000000000000,53.473300933837891,0.000000000000000,53.473300933837891,53.473300933837891,53.473300933837891
GATE,41.934181213378906,51.854209899902344,9.920028686523438,47.374726130309782,1.653225809109783,59360.531841278156207,47.713901519775391,49.044942474365236
SAPA,52.303569793701172,52.303569793701172,0.000000000000000,52.303569793701172,0.000000000000000,52.303569793701172,52.303569793701172,52.303569793701172
FOST,47.990581512451172,47.990581512451172,0.000000000000000,47.990581512451172,0.000000000000000,47.990581512451172,47.990581512451172,47.990581512451172
FIIS,38.802280426025391,46.210739135742188,7.408458709716797,40.141530562669878,1.142499780040954,37572.472606659008306,39.756494522094727,41.840721130371094
HOFR,41.307579040527344,45.507961273193359,4.200382232666016,43.087074513338045,1.210644202623519,2111.266651153563998,42.884288787841797,44.845910644531244
VAMA,41.520530700683594,43.349380493164062,1.828849792480469,42.520291519165035,0.656643515245492,425.202915191650334,42.623661041259766,43.313019180297850
SARA,35.296199798583984,43.623779296875000,8.327579498291016,38.139581147789372,1.250832906735381,7513.497486114506501,38.269210815429688,39.504386901855469
SAGA,35.598640441894531,40.219261169433594,4.620620727539062,38.504192829132080,1.446089538262715,308.033542633056641,39.015069961547852,39.810229110717771
STLI,49.262790679931641,49.813491821289062,0.550701141357422,49.549928029378258,0.225439897732207,148.649784088134766,49.573501586914062,49.765493774414068
EDIS,48.256748199462891,48.256748199462891,0.000000000000000,48.256748199462891,0.000000000000000,48.256748199462891,48.256748199462891,48.256748199462891
MORR,40.781658172607422,47.124351501464844,6.342693328857422,41.995728679539013,0.969918408043486,4073.585681915284113,41.743438720703125,42.692259979248050
SAHI,44.116741180419922,44.630481719970703,0.513740539550781,44.393644714355467,0.178938594585244,221.968223571777344,44.400749206542969,44.588585662841794
BOHA,39.762310028076172,48.018470764160156,8.256160736083984,44.337829625831475,1.682278771562355,4699.809940338136585,43.893175125122070,47.104730606079102
GOIS,49.862850189208984,51.242210388183594,1.379360198974609,50.552530288696289,0.689680099487305,101.105060577392578,50.552530288696289,51.104274368286134
LOWE,51.443508148193359,54.367149353027344,2.923641204833984,52.356655120849609,1.024736513369227,314.139930725097656,51.931261062622070,53.657184600830078
NEBE,50.765529632568359,50.871688842773438,0.106159210205078,50.818609237670898,0.053079605102539,101.637218475341797,50.818609237670898,50.861072921752928
WEFA,40.567699432373047,41.335838317871094,0.768138885498047,40.910983276367190,0.307756054783747,204.554916381835938,40.736648559570312,41.290478515624997
MABI,33.776420593261719,41.431678771972656,7.655258178710938,36.783116491217363,2.400715725564157,1397.758426666259766,36.487699508666992,40.988529968261716
KNRI,35.188468933105469,39.236251831054688,4.047782897949219,36.968648120610403,0.809839937647081,3659.896163940430142,36.899379730224609,38.010240936279295
BICA,24.772430419921875,37.713691711425781,12.941261291503906,29.104010434876173,2.255534447742654,193599.877412796311546,28.794520378112793,32.011396026611330
CANY,22.564270019531250,29.307060241699219,6.742790222167969,24.493958105024401,0.889988403903485,454583.368471147841774,24.324119567871094,25.499430084228514
ARCH,23.371139526367188,35.953411102294922,12.582271575927734,24.812528055005078,1.334353546862688,105353.994121551557328,24.381915092468262,26.582945823669434
NABR,26.571130752563477,33.800708770751953,7.229578018188477,28.168645148007371,1.000689005659593,11943.505542755125134,28.036714553833008,29.043331527709960
BLCA,27.857759475708008,35.171710968017578,7.313951492309570,30.351849890002864,1.045308683876774,52599.755859374963620,30.176769256591797,31.540982818603517
COLM,27.715730667114258,36.452968597412109,8.737237930297852,29.387221984191090,1.022652857741457,33354.496952056884766,29.153789520263672,30.594340133666989
CURE,24.829519271850586,36.465579986572266,11.636060714721680,28.712004029358351,2.431577712804216,66267.305299759071204,28.090299606323242,31.540414428710939
LIBI,31.761589050292969,36.256118774414062,4.494529724121094,33.623528947221480,1.188843674720306,1580.305860519409634,33.485130310058594,35.474060058593750
DETO,31.455909729003906,37.522510528564453,6.066600799560547,33.663089442897508,1.594153204101657,2491.068618774415427,32.955049514770508,36.554105377197260
FOLA,34.583721160888672,38.388931274414062,3.805210113525391,35.911443074544266,0.725765475177002,1831.483596801757585,35.846679687500000,36.709259033203125
GLAC,29.614509582519531,41.202049255371094,11.587539672851562,31.802312563094237,0.809669119787561,1779339.387905122479424,31.647660255432129,32.740196609497069
GLCA,20.690319061279297,40.588260650634766,19.897941589355469,25.544406970872132,1.733098753161165,1772807.388185496907681,25.389869689941406,27.538099288940430
RABR,25.950090408325195,27.294349670410156,1.344259262084961,26.592679977416992,0.409928217249264,212.741439819335938,26.509774208068848,27.165739250183108
GOSP,27.439870834350586,38.313739776611328,10.873868942260742,30.286468153130517,2.173125030382504,4421.824350357055664,30.547674179077148,32.322500228881836
GRTE,25.562370300292969,43.155288696289062,17.592918395996094,31.148837137690482,1.699989035049144,536102.635976790916175,30.807020187377930,33.323299407958984
SAND,32.013759613037109,35.006500244140625,2.992740631103516,33.035661642735846,0.576138189893987,23058.891826629620482,32.921304702758789,33.833597183227539
GRSA,21.701620101928711,33.219181060791016,11.517560958862305,25.975340101632849,3.781760160178578,215361.544782637938624,24.344440460205078,31.703769683837891
JODR,29.301219940185547,38.730880737304688,9.429660797119141,30.986167418911403,1.346098636441854,40746.810155868493894,30.607429504394531,32.474167633056638
FOBU,25.586610794067383,32.475879669189453,6.889268875122070,27.843815700761208,1.002637951989686,12919.530485153200061,27.749454498291016,29.092444229125974
MEVE,25.960029602050781,39.022209167480469,13.062179565429688,29.642743318812723,2.073495545319688,88276.089603424290544,29.636624336242676,32.139373016357425
HOVE,24.223550796508789,31.636709213256836,7.413158416748047,25.859700436062290,2.260266468638952,1163.686519622802962,24.860549926757812,30.088916015624999
YUHO,29.723619461059570,30.628139495849609,0.904520034790039,30.175879478454590,0.452260017395020,60.351758956909180,30.175879478454590,30.537687492370605
MNRR,34.890121459960938,47.100109100341797,12.209987640380859,37.996617499198557,1.510318236364773,144349.149879455304472,38.065658569335938,39.560333251953125
MORU,33.383331298828125,42.362121582031250,8.978790283203125,36.820307483411824,1.948378275091299,2687.882446289062955,36.659210205078125,39.393720245361330
ROMO,29.948230743408203,42.071769714355469,12.123538970947266,32.123690998473741,1.179628403800830,476073.100597380835097,31.856434822082520,33.186397933959960
BEOL,33.031360626220703,35.186119079589844,2.154758453369141,34.005049705505385,0.589727234530304,1632.242385864258495,33.922254562377930,34.825987625122067
FLFO,30.678720474243164,37.463329315185547,6.784608840942383,32.705120856205397,1.372799354760545,11348.676937103273303,32.448551177978516,34.835097503662112
BRCA,25.695940017700195,42.047119140625000,16.351179122924805,30.619275229590517,2.280562077483640,61177.311908721851069,29.946644783020020,34.392745971679688
CARE,23.212900161743164,31.273029327392578,8.060129165649414,25.732482468045340,1.546144443068883,349807.366670608345885,25.296740531921387,28.221734619140626
CEBR,28.183460235595703,35.778820037841797,7.595359802246094,30.520568774513091,1.880177199682313,10346.472814559938342,29.679220199584961,34.142127227783206
PISP,31.584680557250977,33.924160003662109,2.339479446411133,32.754420280456543,1.169739723205566,65.508840560913086,32.754420280456543,33.690212059020993
ZION,24.278329849243164,39.703910827636719,15.425580978393555,29.366196180729997,1.735619413702489,242447.315668106864905,29.188680648803711,31.220205307006836
THRO,32.752738952636719,40.044059753417969,7.291320800781250,35.567883786341440,0.848691431382283,139212.697139740397688,35.348119735717773,36.788299942016600
FOUS,35.501831054687500,38.089809417724609,2.587978363037109,36.794633331298819,0.812130684173577,919.865833282470476,37.108440399169922,37.688616943359378
TICA,31.903259277343750,36.939048767089844,5.035789489746094,34.034506525312153,1.938154867757495,476.483091354370117,33.303619384765625,36.916296005249023
WICA,30.893550872802734,36.743999481201172,5.850448608398438,32.528434484691900,1.058219781232639,61413.684307098308636,32.297649383544922,34.018716049194332
JECA,32.113861083984375,37.601139068603516,5.487277984619141,35.179429531097412,1.563986125646875,2532.918926239013672,35.679389953613281,37.084580230712888
YELL,25.289049148559570,42.992900848388672,17.703851699829102,30.353204704847439,1.162088948901980,3705640.643186594825238,30.359465599060059,31.520673751831055
BIHO,31.389230728149414,39.583328247070312,8.194097518920898,34.696541750872569,2.229388726364248,1873.613254547118686,34.337224960327148,37.819689941406253
GRKO,33.176509857177734,37.638191223144531,4.461681365966797,35.275997343517467,0.885886719954262,2963.183776855467386,35.241430282592773,36.370446777343751
NACA,44.771480560302734,57.153301239013672,12.381820678710938,52.423958778381348,2.909070788777371,21388.975181579589844,52.669324874877930,56.005945968627927
FOWA,45.140560150146484,46.143169403076172,1.002609252929688,45.614020156860349,0.317281493381028,912.280403137207031,45.577520370483398,46.033728408813474
LYBA,51.556068420410156,51.898960113525391,0.342891693115234,51.727514266967773,0.171445846557617,103.455028533935547,51.727514266967773,51.864670944213870
MALL,55.880588531494141,56.762191772460938,0.881603240966797,56.322229766845709,0.286756410695726,563.222297668457031,56.332355499267578,56.683989715576175
GREE,45.297439575195312,49.500888824462891,4.203449249267578,46.981692033655527,1.080372157934862,3194.755058288576038,46.817304611206055,48.552923965454106
ROCR,43.551910400390625,56.465740203857422,12.913829803466797,49.606944504604549,2.792133505210391,4613.445838928222656,49.653419494628906,52.548580169677734
PAAV,56.239891052246094,56.239891052246094,0.000000000000000,56.239891052246094,0.000000000000000,56.239891052246094,56.239891052246094,56.239891052246094
ANTI,37.126091003417969,43.987960815429688,6.861869812011719,39.994036985480250,1.476929745497704,7358.902805328365503,40.140251159667969,41.750370025634766
HAFE,36.006191253662109,45.729419708251953,9.723228454589844,40.894541106155657,2.872480353319479,8546.959091186532532,41.355091094970703,44.244343566894536
CATO,35.590091705322266,43.998729705810547,8.408638000488281,38.216672920886396,1.829220697878645,12382.202026367192957,37.943601608276367,40.771426773071290
GWMP,44.039001464843750,54.417858123779297,10.378856658935547,47.707488836486526,2.254046656289415,17460.940914154067286,47.589069366455078,50.603569030761719
ARHO,49.408248901367188,49.408248901367188,0.000000000000000,49.408248901367188,0.000000000000000,49.408248901367188,49.408248901367188,49.408248901367188
THIS,52.999149322509766,55.154399871826172,2.155250549316406,53.725367863972977,0.790102081839714,322.352207183837891,53.357778549194336,54.781900405883789
MANA,44.526840209960938,49.245788574218750,4.718948364257812,46.081400503960580,0.856370799899662,13041.036342620844152,45.872219085693359,47.288948822021489
WWII,55.584518432617188,56.383090972900391,0.798572540283203,55.983804702758789,0.399286270141602,111.967609405517578,55.983804702758789,56.303233718872065
FRDE,53.093158721923828,53.093158721923828,0.000000000000000,53.093158721923828,0.000000000000000,53.093158721923828,53.093158721923828,53.093158721923828
LINC,53.346271514892578,53.346271514892578,0.000000000000000,53.346271514892578,0.000000000000000,53.346271514892578,53.346271514892578,53.346271514892578
WAMO,56.291049957275391,56.684158325195312,0.393108367919922,56.462434768676758,0.142652465896404,225.849739074707031,56.437265396118164,56.618569946289057
PISC,42.624618530273438,46.548778533935547,3.924160003662109,44.067858314514183,0.712269168214307,11457.643161773687098,44.025070190429688,45.051942443847658
MONO,45.121189117431641,48.785030364990234,3.663841247558594,46.604791901328348,0.709336152921162,4101.221687316894531,46.611169815063477,47.422547531127933
PRWI,36.175701141357422,48.341388702392578,12.165687561035156,41.811636162294498,3.115764390760602,32529.452934265118529,42.645574569702148,45.427995300292970
COGA,55.101440429687500,55.378040313720703,0.276599884033203,55.239740371704102,0.138299942016602,110.479480743408203,55.239740371704102,55.350380325317381
WOTR,46.525619506835938,48.915859222412109,2.390239715576172,47.819785526820596,0.851030621836780,334.738498687744141,47.767070770263672,48.863294219970697
WHHO,56.161861419677734,56.161861419677734,0.000000000000000,56.161861419677734,0.000000000000000,56.161861419677734,56.161861419677734,56.161861419677734
FLNI,34.555770874023438,39.652690887451172,5.096920013427734,36.473395177560256,1.127967182570179,4705.067977905273438,36.468349456787109,37.891609954833982
ALPO,35.572959899902344,44.762821197509766,9.189861297607422,39.476540320260177,1.979840386445042,2763.357822418212436,39.394365310668945,42.049179077148438
FONE,35.247581481933594,42.574951171875000,7.327369689941406,38.988390350341781,1.876714706445049,1949.419517517089162,38.964384078979492,41.571780776977540
JOFL,38.167888641357422,42.808448791503906,4.640560150146484,41.185048883611515,1.562466802968589,453.035537719726676,41.695301055908203,42.755550384521484
APPA,31.127370834350586,47.379238128662109,16.251867294311523,35.127564204106704,2.044307337491625,617472.323579787625931,34.741159439086914,37.661832046508792
APCO,37.004001617431641,43.298759460449219,6.294757843017578,39.189842652301408,1.250797795734359,3840.604579925538019,39.100185394287109,40.630214309692384
BLUE,34.219009399414062,37.971618652343750,3.752609252929688,35.561269273319013,0.784532496865011,8499.143356323244006,35.320629119873047,36.686156463623050
BOWA,37.860298156738281,44.263290405273438,6.402992248535156,41.222951071602957,2.048132437574408,577.121315002441406,41.020889282226562,43.693064498901364
CEBE,36.527050018310547,44.435089111328125,7.908039093017578,40.790934960047430,2.184641811978203,7831.859512329107019,41.178255081176758,43.703594589233404
COLO,36.385669708251953,47.977909088134766,11.592239379882812,43.733847359949557,2.971661491021870,19549.029769897453662,45.063289642333984,46.736022949218750
DEWA,35.014678955078125,46.272010803222656,11.257331848144531,37.495543386029148,1.634354128416324,142820.524757385021076,37.203948974609375,39.617452239990236
DELA,37.013149261474609,43.419300079345703,6.406150817871094,39.627548481683320,1.306584201590458,6300.780208587648303,39.350761413574219,41.556891632080081
FOMC,50.741790771484375,51.245990753173828,0.504199981689453,50.993890762329102,0.252099990844727,101.987781524658203,50.993890762329102,51.195570755004887
GARI,34.701808929443359,42.365680694580078,7.663871765136719,36.602089362415839,1.108437633491474,22510.284957885742188,36.468959808349609,38.020260620117185
HAMP,47.580631256103516,48.965888977050781,1.385257720947266,48.068625450134277,0.530807699879930,192.274501800537109,47.863990783691406,48.636912536621097
FRHI,36.836189270019531,43.549510955810547,6.713321685791016,41.024798744603196,1.813895770096730,1558.942352294921420,41.510660171508789,42.768865203857423
FRSP,35.862239837646484,49.629848480224609,13.767608642578125,40.680254990553358,2.917856005937119,20706.249790191657667,40.153560638427734,45.187924194335935
GEWA,36.802471160888672,39.654628753662109,2.852157592773438,38.065327027264772,0.796420270746829,1294.221118927002180,37.810075759887695,39.444752883911136
GETT,40.600749969482422,47.912399291992188,7.311649322509766,44.527909950187173,1.532383403432073,14738.738193511953796,44.748291015625000,46.370700836181641
EISE,40.165439605712891,43.839111328125000,3.673671722412109,42.024514418381912,0.918963734794082,1638.956062316894531,42.198848724365234,43.000100708007814
HOFU,36.048538208007812,40.420330047607422,4.371791839599609,38.632322311401353,1.208189708689164,1777.086826324462209,39.067159652709961,39.919506072998047
INDE,55.475070953369141,56.203830718994141,0.728759765625000,55.753883361816406,0.321183309037260,167.261650085449219,55.582748413085938,56.079614257812501
NERI,33.600460052490234,44.397678375244141,10.797218322753906,36.136231944606436,1.597438483090194,144400.382850647321902,35.669050216674805,38.374010086059570
RICH,35.599361419677734,49.322650909423828,13.723289489746094,41.640559981727151,2.956038429446290,18863.173671722397557,42.525711059570312,44.849016571044928
SHEN,32.837841033935547,46.486930847167969,13.649089813232422,35.031965602243027,1.140245571989408,383740.151206970098428,34.815191268920898,36.432569122314447
THST,40.259330749511719,43.615261077880859,3.355930328369141,42.114623799043542,1.030858341136396,715.948604583740234,42.382461547851562,43.305852508544923
STEA,51.218200683593750,52.560829162597656,1.342628479003906,52.046053568522133,0.591143440401121,156.138160705566406,52.359130859375000,52.520489501953122
UPDE,34.488391876220703,43.280048370361328,8.791656494140625,37.592293844815067,1.762916668251908,119280.348369598214049,37.455471038818359,39.899713134765626
VAFO,45.025718688964844,50.044319152832031,5.018600463867188,47.000085890293128,0.807253440734712,9024.016490936281116,46.856929779052734,47.962360382080078
BICY,38.083610534667969,44.407119750976562,6.323509216308594,39.236461399634862,0.492722809576284,1585584.641620644368231,39.160148620605469,39.870738983154297
TUIN,48.683071136474609,50.334911346435547,1.651840209960938,49.654183387756348,0.605040393257635,198.616733551025391,49.799375534057617,50.200817489624022
CANA,37.388359069824219,44.411060333251953,7.022701263427734,38.851919672291750,0.729457142196029,109795.524993896484375,38.712080001831055,39.629489898681641
CHAT,44.141139984130859,49.121391296386719,4.980251312255859,46.422793009266329,0.796663992505960,29896.278697967514745,46.404523849487305,47.343665313720706
ANDE,38.139011383056641,43.564781188964844,5.425769805908203,41.417566895484939,1.767409601572272,1325.362140655518033,41.880908966064453,43.331333541870116
BISO,34.634788513183594,41.645900726318359,7.011112213134766,36.301054668552972,0.826522543210752,245867.043270109279547,36.141700744628906,37.365927886962893
BLRI,32.481418609619141,47.675941467285156,15.194522857666016,36.546180020229691,2.657062004422581,208861.418815612676553,36.014709472656250,39.262911987304690
CARL,40.565639495849609,45.378261566162109,4.812622070312500,42.519945291372451,1.336010939120753,552.759288787841911,42.136608123779297,44.460563659667969
GUCO,47.570938110351562,49.698238372802734,2.127300262451172,48.518905986439101,0.851300750346462,533.707965850830078,48.046211242675781,49.621520996093750
FORA,42.248661041259766,45.954021453857422,3.705360412597656,43.743984903608052,0.863125315574620,1224.831577301025391,43.537685394287109,45.011953735351561
WRBR,44.858188629150391,50.305988311767578,5.447799682617188,48.145903625488288,1.410277897882212,1203.647590637207259,48.222850799560547,50.040550231933594
CAHA,37.337989807128906,49.316970825195312,11.978981018066406,41.844820039934604,1.884885318564613,59796.247837066548527,41.742851257324219,44.066821289062503
CALO,38.592151641845703,42.739479064941406,4.147327423095703,39.931930802354124,0.452062380558700,38614.177085876435740,39.889999389648438,40.509145355224611
CHCH,40.645698547363281,53.636859893798828,12.991161346435547,45.134344880109360,2.076232970029902,24417.680580139163794,44.902359008789062,47.889881134033203
CONG,36.473491668701172,40.880401611328125,4.406909942626953,37.468627535063590,0.477255027039153,55416.100124359050824,37.361148834228516,38.012002563476564
BISC,39.039859771728516,47.788928985595703,8.749069213867188,41.174452404366839,2.506710583116715,26433.998443603511987,40.012565612792969,46.474063110351558
CASA,49.560520172119141,49.560520172119141,0.000000000000000,49.560520172119141,0.000000000000000,49.560520172119141,49.560520172119141,49.560520172119141
FOMA,36.613479614257812,40.422561645507812,3.809082031250000,38.098868560791011,1.471144101580472,571.483028411865121,37.328548431396484,40.067987823486327
EVER,37.597080230712891,48.698448181152344,11.101367950439453,39.639950010426958,0.977045786287913,2286313.396751395426691,39.557979583740234,40.566227722167966
DESO,45.753208160400391,46.132968902587891,0.379760742187500,45.943088531494141,0.189880371093750,91.886177062988281,45.943088531494141,46.094992828369136
FOCA,45.900718688964844,46.191230773925781,0.290512084960938,45.977531433105469,0.109459566973392,229.887657165527344,45.917469024658203,46.102322387695310
GUIS,38.213100433349609,52.058921813964844,13.845821380615234,41.816327841455944,2.868065718674417,98519.268394470200292,40.837718963623047,46.134679794311523
TIMU,36.259151458740234,50.480701446533203,14.221549987792969,40.136428292579822,3.510921634798664,101424.754295349208405,38.375350952148438,45.635917663574219
FODO,36.060371398925781,43.333560943603516,7.273189544677734,39.604868062337239,1.946814878830740,2970.365104675292969,39.720401763916016,42.179450988769531
FOFR,41.196090698242188,43.469150543212891,2.273059844970703,42.609191179275520,0.896354121029230,681.747058868408317,43.129899978637695,43.350881576538086
FOPU,37.716350555419922,44.808639526367188,7.092288970947266,39.960928206475756,2.144769144209172,11908.356605529776061,38.686405181884766,43.742168807983404
FOSU,38.076919555664062,44.878559112548828,6.801639556884766,40.708042526245123,2.903347632891391,407.080425262451229,38.845268249511719,44.289582061767582
ANJO,48.275630950927734,48.275630950927734,0.000000000000000,48.275630950927734,0.000000000000000,48.275630950927734,48.275630950927734,48.275630950927734
GRSM,31.005760192871094,46.437618255615234,15.431858062744141,33.543530661553127,1.516417077827621,964644.854764944873750,33.327529907226562,35.233008956909181
HOBE,35.433269500732422,39.945800781250000,4.512531280517578,37.282659182341199,1.159117606611270,4287.505805969238281,36.935890197753906,39.021385192871094
KEMO,45.353240966796875,50.596889495849609,5.243648529052734,46.451357431122737,0.869901570380405,7664.473976135252087,46.240100860595703,47.653945922851562
KIMO,33.920761108398438,39.785190582275391,5.864429473876953,36.160253395322222,1.365333776213432,7991.416000366210938,35.981380462646484,38.096061706542969
COWP,41.542160034179688,45.255718231201172,3.713558197021484,43.308849334716790,0.974705164475826,2035.515918731689226,43.260589599609375,44.668922424316406
MACA,34.103298187255859,43.254051208496094,9.150753021240234,36.132202177213209,1.268345090863896,143697.768058776942780,35.859031677246094,37.832703399658200
ABLI,35.833911895751953,44.382541656494141,8.548629760742188,39.385549817766467,3.114182847551541,827.096546173095817,38.768871307373047,43.633529663085938
MOCR,40.491619110107422,42.544471740722656,2.052852630615234,41.407452392578122,0.770485681980055,207.037261962890625,41.013328552246094,42.355143737792972
NATR,34.883251190185547,52.804630279541016,17.921379089355469,39.616664021809946,3.185861429575891,115878.742263794090832,38.641418457031250,44.327626037597653
SHIL,35.623359680175781,51.471088409423828,15.847728729248047,39.074105827175856,2.908652896680845,19146.311855316169385,37.985109329223633,44.013049316406253
STRI,46.949981689453125,51.033561706542969,4.083580017089844,48.492838052602920,1.168937627883970,1891.220684051513899,48.286411285400391,50.336801147460939
VICK,35.245540618896484,51.829921722412109,16.584381103515625,44.450654428901402,5.029904309631039,6267.542274475097656,46.357028961181641,49.849048614501953
OCMU,44.325698852539062,50.325668334960938,5.999969482421875,47.070718620134436,1.159789906134110,8661.012226104736328,46.936389923095703,48.753060531616214
CUIS,36.781398773193359,45.108581542968750,8.327182769775391,37.894623742235119,0.528359599091825,71393.471130370962783,37.882835388183594,38.468217468261713
OBRI,35.289840698242188,39.602058410644531,4.312217712402344,36.756861048818415,0.823479436840560,11100.572036743160425,36.654834747314453,37.813428115844729
LIRI,34.207981109619141,40.675289154052734,6.467308044433594,36.220121334646322,1.304736595079863,31004.423862457249925,35.929769515991211,38.195816040039062
RUCA,34.980171203613281,38.423988342285156,3.443817138671875,36.070930099487299,1.066777938219186,721.418601989745980,35.632444381713867,37.753264236450200
NISI,35.814910888671875,41.528049468994141,5.713138580322266,37.597519352750957,1.276280313741424,1992.668525695800781,37.349159240722656,39.394239807128905
TUAI,42.567901611328125,46.513690948486328,3.945789337158203,44.719860076904297,1.262575616738537,357.758880615234375,44.738874435424805,46.159399795532231
SEMO,43.080009460449219,43.080009460449219,0.000000000000000,43.080009460449219,0.000000000000000,43.080009460449219,43.080009460449219,43.080009460449219
NATC,48.261020660400391,51.660701751708984,3.399681091308594,49.831717173258468,1.128577256998075,298.990303039550781,49.761659622192383,51.107011795043945
CHPI,47.672958374023438,48.378070831298828,0.705112457275391,48.025514602661133,0.352556228637695,96.051029205322266,48.025514602661133,48.307559585571290
JICA,39.535800933837891,44.247169494628906,4.711368560791016,42.009269714355469,2.206452281293101,168.037078857421875,42.127054214477539,44.223007583618163
MALU,54.919311523437500,55.050228118896484,0.130916595458984,54.984769821166992,0.065458297729492,109.969539642333984,54.984769821166992,55.037136459350585
CUVA,42.612049102783203,51.573020935058594,8.960971832275391,45.041578031422880,1.017510470446164,82155.838329315331066,44.922004699707031,46.458861160278317
APIS,33.699081420898438,39.065948486328125,5.366867065429688,36.486326737837338,0.902678421018579,86290.162734985307907,36.204029083251953,37.766233062744142
NIOB,33.380970001220703,38.799701690673828,5.418731689453125,35.657214029171243,1.048381758765043,57443.771800994873047,35.655998229980469,36.962791442871094
IATR,37.942760467529297,41.242179870605469,3.299419403076172,39.998277982076011,0.962785234776588,479.979335784912109,40.344728469848633,40.790655899047849
EFMO,36.098628997802734,40.822860717773438,4.724231719970703,37.808964255806451,1.097162492664645,5406.681888580322266,37.623760223388672,39.530354309082028
DAAV,46.920108795166016,51.450321197509766,4.530212402343750,47.865679423014321,1.616242999064640,287.194076538085938,47.151378631591797,49.495635986328125
FOLS,40.038360595703125,42.618980407714844,2.580619812011719,41.667636046538476,0.505258112112375,1541.702533721923601,41.752681732177734,42.144011688232425
FOSC,47.358421325683594,47.358421325683594,0.000000000000000,47.358421325683594,0.000000000000000,47.358421325683594,47.358421325683594,47.358421325683594
TAPR,37.400989532470703,44.482688903808594,7.081699371337891,39.417609612797378,1.214673631887135,24084.159473419196729,39.199100494384766,41.148071289062500
GWCA,38.659259796142578,40.206748962402344,1.547489166259766,39.467505137125649,0.545763298681195,473.610061645507812,39.553655624389648,40.090993118286136
WICR,38.675281524658203,44.810878753662109,6.135597229003906,41.505172154260045,1.465899652295633,5229.651691436765759,41.404235839843750,43.412790298461914
JAGA,49.708290100097656,49.708290100097656,0.000000000000000,49.708290100097656,0.000000000000000,49.708290100097656,49.708290100097656,49.708290100097656
KEWE,40.237400054931641,45.448280334472656,5.210880279541016,42.758923934056206,1.093162460671356,4446.928089141845703,42.729129791259766,44.147562408447264
GRPO,33.758598327636719,39.321361541748047,5.562763214111328,35.266018145012133,1.088025726545384,1163.778598785400391,35.038791656494141,36.245556640624997
HSTR,49.375331878662109,50.214530944824219,0.839199066162109,49.794931411743164,0.419599533081055,99.589862823486328,49.794931411743164,50.130611038208009
HEHO,42.357971191406250,44.485820770263672,2.127849578857422,43.643705194646664,0.594073697345382,480.080757141113281,43.749900817871094,44.280841827392578
HOME,40.735130310058594,48.184070587158203,7.448940277099609,44.852452516555779,2.204348361372269,717.639240264892464,45.120965957641602,47.204555511474609
ISRO,36.841411590576172,39.902538299560547,3.061126708984375,38.753028447127399,0.523351569890448,339747.800395965925418,38.803558349609375,39.397578430175784
PIRO,34.020500183105469,41.442840576171875,7.422340393066406,36.230425626852167,0.614657902234735,136842.317592620645883,36.190860748291016,36.907290649414065
RIRA,47.152729034423828,48.566951751708984,1.414222717285156,47.760486602783203,0.594205351963034,143.281459808349609,47.561779022216797,48.365917205810547
LECL,43.825389862060547,45.672050476074219,1.846660614013672,44.612911860148110,0.701739361891455,267.677471160888672,44.455749511718750,45.533700942993164
LIBO,41.655830383300781,43.117568969726562,1.461738586425781,42.378956604003911,0.397644872199048,423.789566040039119,42.461214065551758,42.736851501464841
JEFF,51.001708984375000,54.627468109130859,3.625759124755859,52.436225255330399,1.091154258485101,629.234703063964844,52.398853302001953,54.142340087890624
GERO,49.413528442382812,49.413528442382812,0.000000000000000,49.413528442382812,0.000000000000000,49.413528442382812,49.413528442382812,49.413528442382812
LIHO,53.821739196777344,53.821739196777344,0.000000000000000,53.821739196777344,0.000000000000000,53.821739196777344,53.821739196777344,53.821739196777344
OZAR,36.656738281250000,48.098991394042969,11.442253112792969,40.364279204953853,1.389046151967283,183859.291778564802371,40.166988372802734,42.193129730224612
SCBL,35.100341796875000,43.427551269531250,8.327209472656250,39.417856163152777,2.354201726607326,7055.796253204347522,39.625179290771484,42.460015106201169
AGFO,32.228981018066406,35.670379638671875,3.441398620605469,33.929343234791489,0.691354627458956,5767.988349914553510,34.027114868164062,34.748536300659183
HOCU,35.862670898437500,49.329418182373047,13.466747283935547,41.971767539978011,3.413961563804266,4197.176753997800915,41.690950393676758,46.360707855224611
PEVI,40.471000671386719,43.164421081542969,2.693420410156250,41.817710876464844,1.346710205078125,83.635421752929688,41.817710876464844,42.895079040527349
PIPE,40.452259063720703,42.204471588134766,1.752212524414062,41.419978841145827,0.565873988156660,621.299682617187386,41.378849029541016,42.093981170654303
SACN,34.231998443603516,44.685409545898438,10.453411102294922,37.510660820974863,1.621938793269327,146404.109184264903888,37.159980773925781,39.569194030761722
MISS,38.177898406982422,56.758228302001953,18.580329895019531,45.868911406122535,3.882900738244100,137056.307281494140625,45.037355422973633,50.976876449584964
LOSA,36.392230987548828,44.727878570556641,8.335647583007812,39.052358518327999,1.561247708647733,24602.985866546638135,38.637039184570312,41.432673645019534
SLBE,34.433101654052734,41.859390258789062,7.426288604736328,37.120564334753809,1.193702777713970,122497.862304687572760,36.995454788208008,38.830837631225585
VOYA,33.623878479003906,38.352981567382812,4.729103088378906,35.752890898210715,0.587076042670842,407046.662876128975768,35.739250183105469,36.539926910400389
MIMI,36.147480010986328,36.147480010986328,0.000000000000000,36.147480010986328,0.000000000000000,36.147480010986328,36.147480010986328,36.147480010986328
BITH,34.767528533935547,47.388999938964844,12.621471405029297,37.927248902942843,2.140306025717515,237272.869136810419150,37.375125885009766,41.268674850463867
CARI,38.132469177246094,44.827789306640625,6.695320129394531,41.513520754300629,1.838834271507926,539.675769805908203,40.981929779052734,43.519113159179682
AMIS,33.215141296386719,43.604751586914062,10.389610290527344,35.810892654504954,1.201658342932383,120718.519138336196193,35.722629547119141,36.961719512939453
ARPO,38.951858520507812,40.482490539550781,1.530632019042969,39.530703433724327,0.400295525487704,1699.820247650146030,39.501468658447266,40.122113037109379
BIBE,27.699909210205078,34.225608825683594,6.525699615478516,30.209314585314932,1.130839855209547,1359237.900451659923419,29.977355003356934,31.791941261291505
CAVO,31.427890777587891,35.374401092529297,3.946510314941406,33.237203461783274,1.027171830409797,1395.962545394897461,32.999004364013672,34.864923477172852
CAVE,30.439470291137695,38.722438812255859,8.282968521118164,32.182456523283136,1.173174140420303,83642.204504012872349,31.905199050903320,33.740831756591795
GUMO,27.036449432373047,36.423259735107422,9.386810302734375,30.954451713317695,1.912560864611459,149788.591840744338697,31.481319427490234,33.132107543945310
CHAM,56.246810913085938,56.379409790039062,0.132598876953125,56.313110351562500,0.066299438476562,112.626220703125000,56.313110351562500,56.366149902343750
FODA,35.921611785888672,39.233989715576172,3.312377929687500,37.527803774233220,0.872165472504721,1013.250701904296989,37.445529937744141,38.581147766113276
FOUN,29.325830459594727,32.844398498535156,3.518568038940430,30.999831472124377,0.947458375750665,1301.992921829223860,30.858904838562012,32.403271484374997
SAPU,28.986150741577148,34.725299835205078,5.739149093627930,31.603749485339147,1.420927037691633,1864.621219635009766,31.561620712280273,33.530046844482420
HOSP,34.817249298095703,49.923358917236328,15.106109619140625,43.690728762250785,2.741346015153892,13413.053730010991785,44.003238677978516,46.315716552734372
CHSC,57.079498291015625,57.079498291015625,0.000000000000000,57.079498291015625,0.000000000000000,57.079498291015625,57.079498291015625,57.079498291015625
FOSM,49.178298950195312,50.881931304931641,1.703632354736328,50.232613881429039,0.752156028129547,150.697841644287109,50.637611389160156,50.833067321777349
PERI,35.859790802001953,44.328769683837891,8.468978881835938,38.788727566540466,1.991964916771321,9735.970619201656518,38.213550567626953,41.583808898925781
BUFF,34.969970703125000,42.504108428955078,7.534137725830078,37.430965338650367,1.217297033393327,195015.329414368403377,37.328229904174805,39.005220031738283
LYJO,37.184799194335938,45.201660156250000,8.016860961914062,39.187930190044895,1.784740811935129,3605.289577484130405,38.390880584716797,41.610602951049806
AZRU,34.799858093261719,38.641799926757812,3.841941833496094,36.547443165498620,1.273530529558053,621.306533813476562,36.418769836425781,38.391958618164061
CACH,25.474729537963867,36.595691680908203,11.120962142944336,29.164803547389955,1.174365369533553,142849.207775115995901,29.065700531005859,30.381182670593262
CHCU,24.444150924682617,34.328361511230469,9.884210586547852,26.112256692400749,1.136175477127630,49743.848999023422948,25.875110626220703,27.424470520019533
ELMO,28.841260910034180,30.987730026245117,2.146469116210938,30.019733534918885,0.443017573762362,2161.420814514159702,30.039375305175781,30.514089393615723
HUTR,33.500480651855469,37.538269042968750,4.037788391113281,35.609155828302555,1.231666111048661,391.700714111328125,35.602821350097656,37.085170745849609
NAVA,25.460769653320312,30.506809234619141,5.046039581298828,27.706864220755442,1.061443562464219,581.844148635864258,27.875259399414062,28.335529327392578
WACA,29.723810195922852,32.685340881347656,2.961530685424805,31.112710541783120,0.702764279477926,5631.400608062745050,31.171609878540039,32.016040802001953
SUCR,29.149269104003906,33.251308441162109,4.102039337158203,30.208996909005307,0.999668306990486,5286.574459075928644,29.708810806274414,31.836683654785155
WUPA,20.087509155273438,28.374849319458008,8.287340164184570,23.444875008194263,1.489552863914485,46233.293516159086721,23.141369819641113,25.801265716552734
PAIS,38.144329071044922,40.930229187011719,2.785900115966797,39.461019730718611,0.470084198057153,137403.270702362206066,39.497270584106445,40.106480407714841
PECO,29.696239471435547,39.564758300781250,9.868518829345703,33.285075095552671,2.267381083248016,12748.183761596672412,32.902610778808594,36.589419555664065
CHIC,36.543678283691406,45.706130981445312,9.162452697753906,38.903906702778954,1.683890011292608,21436.052593231204810,38.420490264892578,41.078231811523438
JELA,39.170818328857422,52.924091339111328,13.753273010253906,43.922032845063036,2.048156313549239,49016.988655090346583,43.843561172485352,46.549119949340820
LAMR,33.072559356689453,40.147140502929688,7.074581146240234,35.549512566534176,1.150367289718643,81834.977928161679301,35.448795318603516,37.026689529418945
ALFL,33.837150573730469,35.157081604003906,1.319931030273438,34.519060085981323,0.302204492677254,2692.486686706542969,34.515035629272461,34.898832702636717
RIGR,29.483119964599609,35.313751220703125,5.830631256103516,32.109670008096195,1.045793613233533,37953.629949569702148,31.898459434509277,33.658301925659181
PETR,32.388000488281250,44.960998535156250,12.572998046875000,36.491952938713986,3.331314562710745,14706.257034301735985,35.641860961914062,41.856707000732420
SAAN,37.886608123779297,52.837860107421875,14.951251983642578,48.489862512659151,3.362078517279811,2618.452575683594205,49.068796157836914,50.848125839233397
WABA,37.202941894531250,39.825031280517578,2.622089385986328,38.360148959689674,0.953715863012802,690.482681274414176,38.151185989379883,39.511263275146483
WHSA,27.784990310668945,38.327838897705078,10.542848587036133,31.803816260327231,1.619742966203716,261681.800189972447697,31.987770080566406,33.612577438354492
ELMA,23.925910949707031,37.543979644775391,13.618068695068359,27.467896832981513,1.306855776486566,173322.429016113339458,27.933255195617676,28.553583717346193
POPO,38.852100372314453,42.056781768798828,3.204681396484375,40.716512821338796,0.784346681087939,2198.691692352294922,40.905441284179688,41.512441253662111
PAAL,38.218658447265625,56.315410614013672,18.096752166748047,41.499007573203421,2.589900091439819,7843.312431335446490,41.178508758544922,44.864340972900393
CHIS,32.982349395751953,45.945938110351562,12.963588714599609,34.613906817508095,0.549803215745283,243474.220554351952160,34.607709884643555,35.237611389160158
DEVA,22.095899581909180,36.582149505615234,14.486249923706055,24.998721818352319,1.187149493321498,4767131.257150695659220,24.765569686889648,26.437071990966800
EUON,45.453800201416016,45.453800201416016,0.000000000000000,45.453800201416016,0.000000000000000,45.453800201416016,45.453800201416016,45.453800201416016
GRCA,22.582149505615234,39.739410400390625,17.157260894775391,27.958195740397269,2.001130737238611,1868390.304939268622547,28.091340065002441,30.144472694396974
JOTR,24.767799377441406,41.834991455078125,17.067192077636719,27.287609398415018,1.397371928133919,1207613.153926856582984,26.923669815063477,29.441520690917969
LAKE,22.087120056152344,45.610019683837891,23.522899627685547,28.723000677706651,2.469243077693565,2382371.845211022533476,28.494319915771484,31.891568374633788
MOJA,24.018850326538086,39.083969116210938,15.065118789672852,26.272569628630574,1.076742546445126,2315743.104776384774595,26.020439147949219,27.442319488525392
LAVO,28.604909896850586,37.472789764404297,8.867879867553711,30.286262142300899,1.399671544715404,180839.271251678670524,29.887470245361328,31.501729965209961
LABE,24.909069061279297,32.488059997558594,7.578990936279297,27.171019164082100,1.407367963525849,70617.478807449384476,26.873060226440430,29.228991699218749
GRBA,27.666879653930664,34.498741149902344,6.831861495971680,30.713925597934100,0.806714772309634,131394.173707962094340,30.739170074462891,31.687784194946289
PEFO,23.642610549926758,32.985630035400391,9.343019485473633,25.492194541605031,1.297521415131805,315414.923063279071357,25.194969177246094,27.139379501342773
PINN,28.634649276733398,36.774658203125000,8.140008926391602,30.976798444946070,1.618502138792628,45907.615295410076214,30.505325317382812,33.146719741821286
REDW,31.706739425659180,40.770450592041016,9.063711166381836,33.602004796361520,1.283110241893324,252955.892107009509346,33.282545089721680,35.334259414672850
RORI,48.504878997802734,50.257141113281250,1.752262115478516,49.031542460123703,0.583821011824752,294.189254760742188,48.865741729736328,49.658035278320312
JOMU,45.223709106445312,48.458019256591797,3.234310150146484,46.502114669136375,0.780957048486620,1069.548637390136719,46.522750854492188,47.537271118164057
MUWO,35.012500762939453,41.895240783691406,6.882740020751953,36.904344304402670,1.790764519102348,1107.130329132080078,36.368268966674805,39.457370376586915
PORE,33.122421264648438,40.599540710449219,7.477119445800781,34.960538623578906,0.975300246252660,124739.201808929530671,34.936010360717773,36.122737503051759
SAMO,32.862049102783203,52.928939819335938,20.066890716552734,40.158879105063050,4.452547014557270,341350.472393035946880,39.673694610595703,46.318214035034188
SEQU,27.774660110473633,43.043048858642578,15.268388748168945,30.609283403861141,1.370061544826798,691371.884243011591025,30.353109359741211,32.104543304443361
KICA,27.703630447387695,40.173259735107422,12.469629287719727,30.303458354194404,1.228634080007644,772162.422323227627203,30.215719223022461,31.617340087890625
DEPO,28.100309371948242,30.531160354614258,2.430850982666016,29.298238927667793,0.582856187946789,1289.122512817382812,29.281670570373535,30.082615470886232
CAGR,37.854011535644531,42.736698150634766,4.882686614990234,40.270830535888663,1.342367536497550,1006.770763397216570,40.594848632812500,41.690911865234376
CHIR,30.050720214843750,36.501590728759766,6.450870513916016,31.310994916257595,0.962773259239791,21228.854553222648974,30.979310035705566,32.652985763549808
CORO,31.098619461059570,35.809661865234375,4.711042404174805,32.849976917482756,1.166474322320586,8705.243883132930932,32.673519134521484,34.455567932128908
FOBO,28.589729309082031,30.462930679321289,1.873201370239258,29.278237568248404,0.377858160410074,1610.303066253662109,29.159639358520508,29.802014541625979
MOCA,29.858959197998047,36.621448516845703,6.762489318847656,33.834064384986625,1.442023801069826,1962.375734329224315,33.944900512695312,35.594991302490236
ORPI,26.837450027465820,38.731410980224609,11.893960952758789,28.729010204087544,1.034492935147162,527033.692193986033089,28.533349990844727,29.697891616821288
SAGU,29.713279724121094,42.447898864746094,12.734619140625000,32.508355493721730,1.304126082419522,168783.381723403232172,32.311315536499023,33.683779525756833
TONT,31.066719055175781,34.598411560058594,3.531692504882812,32.626799174717497,0.781451694964322,2055.488348007202148,32.584728240966797,33.652970886230470
TUMA,35.250560760498047,41.972450256347656,6.721889495849609,36.875103208753792,1.336947086269356,663.751857757568246,36.707710266113281,37.377044677734375
TUZI,30.600240707397461,35.337020874023438,4.736780166625977,32.752609729766860,1.252615889371457,1441.114828109741893,32.817584991455078,34.150551223754881
PIMA,34.613430023193359,41.190631866455078,6.577201843261719,36.312712113062531,2.065344105226365,3486.020362854002997,35.318599700927734,39.963535308837891
WHIS,29.298860549926758,38.797870635986328,9.499010086059570,33.134305440525196,1.794919756839647,77666.811952591058798,32.952875137329102,35.520596694946292
MANZ,26.024459838867188,29.610700607299805,3.586240768432617,27.774206712510853,0.924554490791331,1249.839302062988509,27.756799697875977,29.145051956176758
YOSE,27.117059707641602,39.008350372314453,11.891290664672852,30.417879575239066,1.231011828044573,1263102.449361802311614,30.245840072631836,31.603178024291992
SAFR,50.638061523437500,51.493061065673828,0.854999542236328,51.224813461303711,0.344294959084725,204.899253845214844,51.384065628051758,51.478361129760742
JODA,25.244689941406250,32.913028717041016,7.668338775634766,27.577694449142829,1.384967321484102,21455.446281433120021,27.404880523681641,29.369738578796387
LARO,27.745340347290039,40.586360931396484,12.841020584106445,32.424227423686460,1.970137005237197,142569.327981949376408,32.555950164794922,34.692919921875003
CRMO,25.377050399780273,35.435340881347656,10.058290481567383,27.498854719808502,1.532727167025896,81534.104244232206838,27.166709899902344,29.484322357177732
CRMP,23.319950103759766,34.509239196777344,11.189289093017578,25.771105322661086,1.207563497563218,999686.946571346139535,25.723850250244141,27.154880523681641
EBLA,34.960239410400391,46.231109619140625,11.270870208740234,39.271810591746970,2.203412189691376,31142.545799255345628,38.853378295898438,42.427912902832034
CRLA,28.537410736083984,37.433319091796875,8.895908355712891,30.802699750299684,1.071600737888294,312216.164669037621934,30.613684654235840,31.901740074157715
ORCA,29.457069396972656,38.254730224609375,8.797660827636719,33.398079063415494,2.271103868203825,8349.519765853872741,33.537153244018555,36.758631515502934
MIIN,31.541200637817383,45.285881042480469,13.744680404663086,33.312693459647051,2.723872333364096,699.566562652588118,32.846618652343750,33.323680877685547
NEPE,29.475059509277344,40.365859985351562,10.890800476074219,32.795020370160117,2.295264162856823,7739.624807357787176,32.891389846801758,35.729024887084961
LEWI,33.836391448974609,40.642139434814453,6.805747985839844,37.351535491127365,1.306270639200811,6984.737136840817584,37.303619384765625,39.091196441650396
FOVA,51.730640411376953,52.793758392333984,1.063117980957031,52.305079778035477,0.343722942835497,627.660957336425781,52.340970993041992,52.731106948852542
MORA,27.359540939331055,39.812519073486328,12.452978134155273,32.529264312702274,1.833687395705650,426816.477046966552734,32.529251098632812,34.993698120117188
NOCA,27.107160568237305,37.298938751220703,10.191778182983398,32.483827721765117,1.087696183169948,903635.119564061984420,32.521228790283203,33.835899734497076
LACH,29.989830017089844,34.954189300537109,4.964359283447266,32.175893038998190,1.120204230083716,112261.690813064691611,32.169868469238281,33.664802551269531
ROLA,29.979600906372070,42.183269500732422,12.203668594360352,32.583643042305354,1.580807204579389,211142.006914138706634,32.166810989379883,34.123349761962892
OLYM,28.210020065307617,45.814720153808594,17.604700088500977,33.392477862264755,1.176038911966570,1691228.826290123164654,33.508331298828125,34.650321197509768
SAJH,33.550178527832031,37.913890838623047,4.363712310791016,36.228172398414948,1.155245066320505,4311.152515411378772,36.352119445800781,37.548979949951175
WHMI,36.728160858154297,39.020500183105469,2.292339324951172,37.860918256971573,0.851817922631019,340.748264312744141,38.300331115722656,38.881251525878909
CIRO,25.148519515991211,30.251819610595703,5.103300094604492,26.922113088913918,0.828628419315316,21806.911602020274586,26.848489761352539,27.951345443725586
HAFO,28.455480575561523,33.847438812255859,5.391958236694336,30.917020900190369,1.040770483032395,7481.919057846069336,30.754809379577637,32.470044708251955
MLKM,53.300670623779297,53.300670623779297,0.000000000000000,53.300670623779297,0.000000000000000,53.300670623779297,53.300670623779297,53.300670623779297
FOMR,46.966609954833984,49.477600097656250,2.510990142822266,47.721153804234099,0.624849100915519,1002.144229888916129,47.449859619140625,48.555881500244141
PAGR,53.368099212646484,53.719749450683594,0.351650238037109,53.543924331665039,0.175825119018555,107.087848663330078,53.543924331665039,53.684584426879880
CECH,36.207408905029297,38.285308837890625,2.077899932861328,37.318298975626632,0.656639190696428,223.909793853759794,37.363113403320312,38.037359237670898
HATU,37.517131805419922,41.139221191406250,3.622089385986328,38.080564205463126,0.946107351034168,990.094669342041243,37.647815704345703,39.107536315917969
FRST,44.632740020751953,48.610919952392578,3.978179931640625,45.487970872358829,0.761763929623074,3002.206077575682684,45.247653961181641,46.615270614624023
CHYO,45.515838623046875,46.282711029052734,0.766872406005859,45.949249267578125,0.320952391268556,137.847747802734375,46.049198150634766,46.236008453369138
CAJO,36.992080688476562,39.985431671142578,2.993350982666016,39.068798828125004,0.804558812564060,586.031982421875114,39.357830047607422,39.887739562988280
NEEN,42.530879974365234,44.324428558349609,1.793548583984375,42.955640029907229,0.479357784076677,429.556400299072266,42.832460403442383,43.229761123657227
NOCO,36.877090454101562,43.536460876464844,6.659370422363281,39.066804462009003,1.969723031169179,703.202480316162109,38.259901046752930,41.299978256225586
HART,44.080600738525391,45.253810882568359,1.173210144042969,44.667205810546875,0.586605072021484,89.334411621093750,44.667205810546875,45.136489868164062
BLRV,44.711498260498047,46.556301116943359,1.844802856445312,45.658816528320315,0.591941079749844,456.588165283203125,45.505319595336914,46.352583694458012
TUSK,30.241119384765625,46.461288452148438,16.220169067382812,34.042041736479533,3.821856338923167,43199.350963592529297,32.284729003906250,40.699981689453125
MAPR,30.777990341186523,47.278068542480469,16.500078201293945,41.434903886583115,6.766388122495763,372.914134979248047,46.970298767089844,47.189228820800778
WACO,45.447448730468750,46.126338958740234,0.678890228271484,45.782813390096024,0.244581289395882,274.696880340576172,45.685926437377930,46.108243942260742
CAMO,25.390249252319336,28.479869842529297,3.089620590209961,26.360774786361116,0.420453455077802,30525.777202606172068,26.318539619445801,26.883423423767091
KAWW,32.906059265136719,37.090370178222656,4.184310913085938,34.572522661293547,0.532986443738068,172171.162853241869016,34.497919082641602,35.321784973144531
REER,43.595520019531250,46.621540069580078,3.026020050048828,45.033837318420410,1.072706186133830,180.135349273681641,44.959144592285156,46.132495117187503
STGE,42.378810882568359,46.716648101806641,4.337837219238281,44.723726908365883,1.788320106814703,134.171180725097656,45.075721740722656,46.388462829589841
CANE,37.312030792236328,42.219528198242188,4.907497406005859,38.954417595496544,1.359028302432139,1012.814857482910156,38.415254592895508,41.260379791259766
TULE,37.889289855957031,38.167041778564453,0.277751922607422,38.028165817260742,0.138875961303711,76.056331634521484,38.028165817260742,38.139266586303705
MISP,37.510108947753906,44.524578094482422,7.014469146728516,40.207291798419284,1.789317654483296,3337.205219268800647,40.413818359375000,42.332331085205077
DDEM,55.969379425048828,55.969379425048828,0.000000000000000,55.969379425048828,0.000000000000000,55.969379425048828,55.969379425048828,55.969379425048828
NEPH,39.915248870849609,42.570831298828125,2.655582427978516,41.443867274693083,0.981950688728252,290.107070922851562,41.620498657226562,42.402033233642577
SEKI_LP,31.409580230712891,35.421218872070312,4.011638641357422,34.076397789849175,1.117368655971620,306.687580108642578,34.252609252929688,35.419299316406253
