UNIT_CODE,MIN_I,MAX_I,RANGE_I,MEAN_I,STD_I,SUM_I,MEDIAN_I,PCT90_I
GICL,2.119019985198975,6.732269763946533,4.613249778747559,3.384233088328921,0.996301026733629,98.142759561538696,3.064429998397827,4.606345844268799
ASIS,2.471950054168701,8.923649787902832,6.451699733734131,3.991053674388477,0.694077834059872,8069.910529613500330,3.935930013656616,4.702625036239624
VALL,1.437680006027222,6.998330116271973,5.560650110244751,3.035951075715279,0.672366039726273,14979.382607579187606,2.966624975204468,3.804453015327454
PETE,1.889119982719421,17.058599472045898,15.169479489326477,7.827124312780439,3.920065194910577,4030.969021081926257,7.161859989166260,13.564997863769534
DINO,0.229980006814003,12.205550193786621,11.975570186972618,2.890605404281843,1.089383436528350,33776.724149033332651,2.816610097885132,3.978107976913452
CUGA,0.092450000345707,12.493800163269043,12.401350162923336,2.883999166118047,2.471020200978116,3907.818870089953634,1.892539978027344,7.455089950561524
BAND,0.859380006790161,13.547419548034668,12.688039541244507,3.111907160440655,1.754182384894635,5850.385461628430676,2.657760024070740,5.354922103881836
AMCH,4.946959972381592,8.166440010070801,3.219480037689209,6.537819668098732,0.753529900374663,176.521131038665743,6.560800075531006,7.378004169464113
INDU,4.883460044860840,14.612689971923828,9.729229927062988,10.203494093153205,2.055801973771866,8723.987449645990637,10.383600234985352,12.673175621032716
BADL,0.524749994277954,7.206840038299561,6.682090044021606,3.874201488247761,0.808910043159009,52142.877830326615367,3.890759944915771,4.898511886596680
CABR,13.126230239868164,15.732139587402344,2.605909347534180,14.414058685302733,0.846360264344559,115.312469482421861,14.555904865264893,15.483087158203125
CHOH,1.574710011482239,20.121950149536133,18.547240138053894,6.150866719433429,3.176659851599156,6913.574192643173774,5.359960079193115,10.588696002960205
GOGA,1.885480046272278,21.701150894165039,19.815670847892761,7.955501159135033,4.577054606379420,33810.879926323890686,6.243624925613403,14.878916740417479
BOST,18.843549728393555,19.509279251098633,0.665729522705078,19.176414489746094,0.332864761352539,38.352828979492188,19.176414489746094,19.442706298828124
MAVA,2.812969923019409,6.471399784088135,3.658429861068726,4.906417538137997,1.311549205794703,83.409098148345947,5.264750003814697,6.251809787750243
SPAR,20.411840438842773,21.253820419311523,0.841979980468750,20.835414886474609,0.308019338210053,83.341659545898438,20.837999343872070,21.162623023986818
ACAD,0.007947278209031,10.828140258789062,10.820192980580032,3.330912881864335,1.786627574086599,6408.676384706979661,2.992490053176880,5.625353050231935
ADAM,15.568349838256836,15.568349838256836,0.000000000000000,15.568349838256836,0.000000000000000,15.568349838256836,15.568349838256836,15.568349838256836
MIMA,8.754710197448730,11.923439979553223,3.168729782104492,10.172397224991407,0.690530278224263,549.309450149536019,10.043904781341553,10.976048183441161
SAIR,12.621870040893555,12.621870040893555,0.000000000000000,12.621870040893555,0.000000000000000,12.621870040893555,12.621870040893555,12.621870040893555
CACO,2.513969898223877,11.980059623718262,9.466089725494385,4.755429856748473,1.192306519670079,8288.714240312589027,4.478199958801270,6.175232124328613
ELRO,7.357649803161621,9.945400238037109,2.587750434875488,8.509691298007965,0.818432076198566,68.077530384063721,8.567339897155762,9.366346263885498
LONG,18.842849731445312,18.842849731445312,0.000000000000000,18.842849731445312,0.000000000000000,18.842849731445312,18.842849731445312,18.842849731445312
GATE,6.256269931793213,16.422359466552734,10.166089534759521,11.953127994217668,1.737837198421815,14977.269376754738914,12.325499534606934,13.759395980834961
SAPA,17.598089218139648,17.598089218139648,0.000000000000000,17.598089218139648,0.000000000000000,17.598089218139648,17.598089218139648,17.598089218139648
FOST,14.146559715270996,14.146559715270996,0.000000000000000,14.146559715270996,0.000000000000000,14.146559715270996,14.146559715270996,14.146559715270996
FIIS,3.182889938354492,10.991979598999023,7.809089660644531,4.468078322390206,1.145048190904292,4182.121309757232666,4.023375034332275,6.209954977035522
HOFR,7.065179824829102,11.519889831542969,4.454710006713867,9.150467347125621,1.180922231823428,448.372900009155444,9.128510475158691,10.640610122680664
VAMA,7.229279994964600,9.255439758300781,2.026159763336182,8.207158851623536,0.684967912833488,82.071588516235352,8.148394823074341,8.938153743743896
SARA,1.758649945259094,8.885780334472656,7.127130389213562,4.326618633294465,1.151088753832379,852.343870759009519,4.490749835968018,5.641948032379151
SAGA,3.194479942321777,7.187560081481934,3.993080139160156,5.673753678798676,1.144582617106190,45.390029430389404,5.968699932098389,6.652732086181640
STLI,13.636030197143555,14.218589782714844,0.582559585571289,13.958116531372070,0.241786471460890,41.874349594116211,14.019729614257812,14.178817749023438
EDIS,13.543009757995605,13.543009757995605,0.000000000000000,13.543009757995605,0.000000000000000,13.543009757995605,13.543009757995605,13.543009757995605
MORR,7.209700107574463,12.930089950561523,5.720389842987061,8.320551459322273,0.881016419801415,807.093491554260481,8.140370368957520,9.056896209716797
SAHI,9.393349647521973,10.195980072021484,0.802630424499512,9.819672012329102,0.277460856721203,49.098360061645508,9.897780418395996,10.106211853027343
BOHA,5.316740036010742,13.094519615173340,7.777779579162598,9.619768731998946,1.592643855559067,1019.695485591888200,9.459185123443604,12.151335239410400
GOIS,14.308360099792480,16.202520370483398,1.894160270690918,15.255440235137939,0.947080135345459,30.510880470275879,15.255440235137939,16.013104343414305
LOWE,16.808189392089844,20.191680908203125,3.383491516113281,17.996843338012695,1.145660561421540,107.981060028076172,17.437150001525879,19.477820396423340
NEBE,16.327259063720703,16.509410858154297,0.182151794433594,16.418334960937500,0.091075897216797,32.836669921875000,16.418334960937500,16.491195678710938
WEFA,6.215169906616211,6.942180156707764,0.727010250091553,6.522764110565186,0.317092970878151,32.613820552825928,6.349870204925537,6.913264179229737
MABI,1.521880030632019,8.697219848632812,7.175339818000793,4.220172872668818,2.172361136572582,160.366569161415072,3.819045066833496,8.020603656768799
KNRI,3.843509912490845,7.969470024108887,4.125960111618042,5.481854142564714,0.735345367037083,542.703560113906633,5.393909931182861,6.435621833801269
BICA,0.343050003051758,11.799050331115723,11.456000328063965,3.933225814640639,1.507439677350773,26163.818118989529466,3.595149993896484,6.032304048538208
CANY,0.029430909082294,5.334430217742920,5.304999308660626,2.617373988254220,0.674567329562721,48575.843848010073998,2.598900079727173,3.495616006851196
ARCH,1.892510056495667,14.661029815673828,12.768519759178162,3.394709105122160,1.267416868326849,14413.934860348690563,3.023069977760315,4.936140060424805
NABR,1.218889951705933,6.718890190124512,5.500000238418579,2.317801862955093,0.758407865999570,982.747989892959595,2.183454990386963,3.137106108665466
BLCA,1.050529956817627,7.269720077514648,6.219190120697021,2.883256870408446,0.785973700954327,4996.684156417836675,2.795979976654053,3.613856077194213
COLM,0.968640029430389,11.771340370178223,10.802700340747833,2.749434360376015,1.238894460205158,3120.607999026777179,2.428469896316528,4.190065956115723
CURE,1.298239946365356,9.996450424194336,8.698210477828979,3.925052479710070,1.279277361281021,9059.021123170841747,3.590744972229004,5.749174928665162
LIBI,3.697979927062988,7.918079853057861,4.220099925994873,5.179953194679100,1.035642835186869,243.457800149917688,4.932350158691406,6.814944076538086
DETO,1.493890047073364,6.663070201873779,5.169180154800415,3.375979351030813,1.290415016014016,249.822471976280156,2.902485013008118,5.739024114608765
FOLA,4.143859863281250,7.766560077667236,3.622700214385986,5.694145894518084,0.802817053078587,290.401440620422306,5.634170055389404,6.604320049285889
GLAC,0.740800023078918,11.639450073242188,10.898650050163269,2.974626258323001,0.723730499291417,166430.339153171895305,2.918810009956360,3.758680081367492
GLCA,0.002552208956331,17.620269775390625,17.617717566434294,2.988670661267282,1.367619964770465,207416.732562610646710,2.716989994049072,4.490550041198730
RABR,3.395080089569092,4.194630146026611,0.799550056457520,3.756890058517456,0.279908978080216,30.055120468139648,3.650845050811768,4.134941196441650
GOSP,1.918470025062561,12.608710289001465,10.690240263938904,4.952475648220271,1.987785438737017,723.061444640159607,5.128119945526123,6.637059926986694
GRTE,0.023900000378489,15.154999732971191,15.131099732592702,3.544173042448186,1.843532046759583,60998.762233575733262,2.971450090408325,6.189519882202148
SAND,1.780820012092590,4.649069786071777,2.868249773979187,2.970507895195040,0.561346872617531,2073.414510846138000,2.850859999656677,3.796483039855958
GRSA,0.000243950998993,6.870570182800293,6.870326231801300,1.846708116375121,0.998902806214327,15311.056992866126166,1.530019998550415,3.357140064239502
JODR,1.071370005607605,10.416210174560547,9.344840168952942,2.781422530290294,1.327386659822266,3657.570627331737342,2.420269966125488,4.226265907287599
FOBU,1.224030017852783,10.288550376892090,9.064520359039307,4.071938038899980,1.850082960782395,1889.379250049590610,3.978500127792358,6.304263973236083
MEVE,0.202659994363785,12.804739952087402,12.602079957723618,2.913961532233623,1.654576111488264,8677.777442991728094,2.546489953994751,5.231716060638433
HOVE,0.691500008106232,5.481790065765381,4.790290057659149,3.330921126736535,0.704015844099110,149.891450703144045,3.313309907913208,4.047494029998780
YUHO,7.810760021209717,8.756560325622559,0.945800304412842,8.283660173416138,0.472900152206421,16.567320346832275,8.283660173416138,8.661980295181275
MNRR,0.636629998683929,12.084839820861816,11.448209822177887,3.303688494695990,1.353354985711338,12550.712591350064031,3.294950008392334,4.693283939361574
MORU,2.894429922103882,11.973580360412598,9.079150438308716,6.414803978514999,1.992368912547728,468.280690431594905,6.289490222930908,8.997409629821778
ROMO,1.788409948348999,14.399729728698730,12.611319780349731,3.821398908993820,1.192438507407028,56633.131831288403191,3.561199903488159,4.910937023162842
BEOL,5.655809879302979,8.283359527587891,2.627549648284912,6.642236868540445,0.783167557174174,318.827369689941406,6.534714937210083,7.928892087936402
FLFO,2.542840003967285,9.428159713745117,6.885319709777832,4.673724272065619,1.437257712418184,1621.782322406769708,4.409409999847412,6.868889904022216
BRCA,0.008919999934733,14.489809989929199,14.480889989994466,2.956618773806430,2.184594595714790,5907.324310065248028,2.267910003662109,6.595129823684690
CARE,0.414499998092651,7.869430065155029,7.454930067062378,2.445429137413143,0.740861063443639,33243.163693994261848,2.375144958496094,3.214384937286377
CEBR,0.070511139929295,7.550650119781494,7.480138979852200,2.114576200490330,1.926850238111715,716.841331966221787,1.237249970436096,5.852558135986327
PISP,8.845520019531250,11.182319641113281,2.336799621582031,10.013919830322266,1.168399810791016,20.027839660644531,10.013919830322266,10.948639678955077
ZION,0.000119737400382,11.366729736328125,11.366609998927743,1.976924073571448,1.397910810072913,16321.485151405871875,1.696960031986237,3.586274981498718
THRO,1.879320025444031,9.249070167541504,7.369750142097473,5.078328819590438,0.816232856226075,19876.578999876976013,4.902849912643433,6.232464885711671
FOUS,5.076049804687500,7.215519905090332,2.139470100402832,6.013080768585205,0.748302461995690,150.327019214630127,5.780399799346924,7.042339801788330
TICA,3.994630098342896,8.489789962768555,4.495159864425659,5.811535716056824,1.729848523069415,81.361500024795532,5.132925033569336,8.365310859680175
WICA,1.199100017547607,6.500289916992188,5.301189899444580,2.686395712701954,0.996487565564811,5071.915105581289936,2.438730001449585,4.161488962173462
JECA,2.570660114288330,8.240469932556152,5.669809818267822,5.693850845098496,1.542619334378112,409.957260847091732,6.128000020980835,7.563958835601807
YELL,0.015400010161102,14.613519668579102,14.598119658418000,2.878470545522287,1.059966757570099,351415.198079542897176,2.785779953002930,3.958140969276428
BIHO,3.064189910888672,11.515310287475586,8.451120376586914,6.924328689221984,2.308188319362158,373.913749217987117,6.902369976043701,10.233191299438477
GRKO,9.451880455017090,13.678990364074707,4.227109909057617,11.395231860024587,0.858365534526553,957.199476242065316,11.401344776153564,12.394064140319824
NACA,10.217889785766602,22.491430282592773,12.273540496826172,17.477155220274827,2.835567238489378,7130.679329872129529,17.374270439147949,21.034432220458985
FOWA,10.257599830627441,11.643560409545898,1.385960578918457,10.841995096206665,0.323632049694158,216.839901924133301,10.826650142669678,11.128985118865966
LYBA,16.239709854125977,16.632209777832031,0.392499923706055,16.435959815979004,0.196249961853027,32.871919631958008,16.435959815979004,16.592959785461424
MALL,20.382080078125000,21.689420700073242,1.307340621948242,20.920407867431638,0.398043610831322,209.204078674316378,20.927040100097656,21.327934455871581
GREE,10.548939704895020,14.664239883422852,4.115300178527832,12.210487716338218,1.051361648696281,830.313164710998763,12.047589778900146,13.759441757202151
ROCR,9.240830421447754,21.816139221191406,12.575308799743652,14.823330715138422,2.665199571685675,1378.569756507873308,14.810379981994629,17.749830245971680
PAAV,21.216299057006836,21.216299057006836,0.000000000000000,21.216299057006836,0.000000000000000,21.216299057006836,21.216299057006836,21.216299057006836
ANTI,2.494379997253418,9.908900260925293,7.414520263671875,5.864336907863618,1.529340356170524,1079.037991046905745,6.077300071716309,7.688202810287477
HAFE,2.123330116271973,11.783240318298340,9.659910202026367,6.796883814642875,2.776500058602481,1420.548717260360945,7.136849880218506,10.219432067871095
CATO,1.967939972877502,9.534709930419922,7.566769957542419,4.518109377519584,1.749955808698952,1463.867438316345442,4.135239839553833,7.005990791320800
GWMP,9.267769813537598,19.325340270996094,10.057570457458496,12.820743878682457,2.047713849976887,4692.392259597779230,12.629379749298096,15.527375221252441
ARHO,14.869230270385742,14.869230270385742,0.000000000000000,14.869230270385742,0.000000000000000,14.869230270385742,14.869230270385742,14.869230270385742
THIS,17.830469131469727,19.576110839843750,1.745641708374023,18.335345268249512,0.674880662920184,110.012071609497070,17.898440361022949,19.251615524291992
MANA,9.923560142517090,15.317939758300781,5.394379615783691,11.953075472963144,0.930594885793632,3382.720358848569958,11.799750328063965,13.162908172607422
WWII,20.694240570068359,21.235609054565430,0.541368484497070,20.964924812316895,0.270684242248535,41.929849624633789,20.964924812316895,21.181472206115721
FRDE,17.926090240478516,17.926090240478516,0.000000000000000,17.926090240478516,0.000000000000000,17.926090240478516,17.926090240478516,17.926090240478516
LINC,18.274629592895508,18.274629592895508,0.000000000000000,18.274629592895508,0.000000000000000,18.274629592895508,18.274629592895508,18.274629592895508
WAMO,21.253129959106445,21.617570877075195,0.364440917968750,21.397300243377686,0.147853423613393,85.589200973510742,21.359250068664551,21.566264724731447
PISC,7.953619956970215,12.096989631652832,4.143369674682617,9.426814688169040,0.726797284929394,2450.971818923950650,9.327729701995850,10.430718135833740
MONO,10.508760452270508,14.777729988098145,4.268969535827637,12.400696353478864,0.752053474095388,1091.261279106140137,12.359284877777100,13.369042205810548
PRWI,1.987409949302673,14.164259910583496,12.176849961280823,7.551329472990450,3.056339209744211,5874.934329986570447,8.452770233154297,10.982805061340335
COGA,20.065980911254883,20.489379882812500,0.423398971557617,20.277680397033691,0.211699485778809,40.555360794067383,20.277680397033691,20.447039985656737
WOTR,11.734479904174805,14.138250350952148,2.403770446777344,12.992518561226982,0.839038930355172,90.947629928588867,12.926340103149414,14.003952217102052
WHHO,21.545869827270508,21.545869827270508,0.000000000000000,21.545869827270508,0.000000000000000,21.545869827270508,21.545869827270508,21.545869827270508
FLNI,3.268729925155640,8.351289749145508,5.082559823989868,5.124851317368738,1.088149108115141,661.105819940567244,5.184899806976318,6.416176128387451
ALPO,3.690639972686768,11.329420089721680,7.638780117034912,7.156316304206850,1.930385198110402,500.942141294479541,7.199135065078735,9.627768802642821
FONE,3.295939922332764,9.236849784851074,5.940909862518311,5.956686592102051,1.769940104562830,297.834329605102539,5.783255100250244,8.207032680511475
JOFL,6.032619953155518,10.359069824218750,4.326449871063232,8.693006342107600,1.444953494117243,95.623069763183594,8.995160102844238,10.212679862976074
APPA,0.263229995965958,13.200989723205566,12.937759727239609,2.892364475748510,1.391588298546028,50841.982754707300046,2.533694982528687,4.563263940811158
APCO,2.867739915847778,9.433469772338867,6.565729856491089,5.261596828090901,1.331473123549094,515.636489152908212,5.423810005187988,6.691946887969971
BLUE,0.810310006141663,3.413520097732544,2.603210091590881,1.739057443630745,0.528809588286245,415.634729027748108,1.644320011138916,2.452394008636475
BOWA,3.565150022506714,10.488149642944336,6.922999620437622,7.353727085249765,2.262884076287337,102.952179193496704,7.332119941711426,10.056445980072022
CEBE,2.337480068206787,10.529270172119141,8.191790103912354,6.640786773214736,2.250742837418928,1275.031060457229387,7.023895025253296,9.438742923736573
COLO,1.688509941101074,13.351079940795898,11.662569999694824,8.732795901213182,3.139504813052154,3903.559767842292331,10.226690292358398,11.887145996093750
DEWA,0.970019996166229,12.376270294189453,11.406250298023224,3.427630000945054,1.426557841184156,13055.842673599710906,3.136539936065674,5.306769847869877
DELA,2.307250022888184,8.299810409545898,5.992560386657715,4.515555284308188,1.340117639599353,717.973290205001831,4.251309871673584,6.888969802856446
FOMC,15.146929740905762,15.492569923400879,0.345640182495117,15.319749832153320,0.172820091247559,30.639499664306641,15.319749832153320,15.458005905151367
GARI,1.043930053710938,8.770830154418945,7.726900100708008,2.328051462793737,0.945474013621988,1431.751649618148349,2.117490053176880,3.381196069717407
HAMP,13.078590393066406,14.446299552917480,1.367709159851074,13.509197473526001,0.554378095994600,54.036789894104004,13.255949974060059,14.130267810821534
FRHI,2.886679887771606,9.105819702148438,6.219139814376831,6.605304423131441,1.720710144559206,251.001568078994779,6.993289947509766,8.406359577178955
FRSP,2.142379999160767,15.598039627075195,13.455659627914429,6.846185010636489,2.818867552264698,3484.708170413973221,6.408810138702393,11.110886001586914
GEWA,2.338570117950439,5.237770080566406,2.899199962615967,3.478950318168192,0.837462955063400,118.284310817718506,3.164149999618530,4.875009012222290
GETT,6.999680042266846,14.018870353698730,7.019190311431885,10.660120989981015,1.443698285759682,3528.500047683716275,10.826459884643555,12.482049942016602
EISE,5.599090099334717,10.112299919128418,4.513209819793701,7.980479729481234,0.973258107873935,311.238709449768123,8.040269851684570,9.175833892822265
HOFU,2.332859992980957,6.377910137176514,4.045050144195557,4.796187820641890,1.167411244455005,220.624639749526949,5.153040170669556,5.985605001449585
INDE,19.889759063720703,20.636100769042969,0.746341705322266,20.185599644978840,0.323724572130506,60.556798934936523,20.030939102172852,20.515068435668944
NERI,0.772220015525818,9.640520095825195,8.868300080299377,2.656439022288789,1.273953433932033,10615.130333065999366,2.293099999427795,4.316915035247803
RICH,1.334419965744019,14.679149627685547,13.344729661941528,7.385146064210939,2.979141917998728,3345.471167087555386,8.101010322570801,10.770972061157227
SHEN,0.248610004782677,12.856100082397461,12.607490077614784,2.508858378608614,1.201128622741036,27482.034679278756812,2.262650012969971,4.146867895126344
THST,6.193280220031738,9.343050003051758,3.149769783020020,7.975537692799287,0.961953102463917,135.584140777587891,8.194869995117188,9.035404014587403
STEA,17.201030731201172,18.171009063720703,0.969978332519531,17.763729731241863,0.410958997296259,53.291189193725586,17.919149398803711,18.120637130737304
UPDE,1.547979950904846,9.866700172424316,8.318720221519470,4.437908308685596,1.502080161237810,14081.483063459398181,4.278029918670654,6.345040035247803
VAFO,10.732410430908203,15.497460365295410,4.765049934387207,12.618309771021208,0.882792567695699,2422.715476036071777,12.626100063323975,13.746895885467531
BICY,1.600669980049133,7.764120101928711,6.163450121879578,2.643962498373259,0.471393904955027,106845.168521761777811,2.560519933700562,3.226619958877563
TUIN,15.008110046386719,16.545730590820312,1.537620544433594,15.922555446624756,0.562992839254073,63.690221786499023,16.068190574645996,16.408714485168456
CANA,0.866609990596771,8.605369567871094,7.738759577274323,2.376363755495767,0.758978643588746,6715.603973031038549,2.141844987869263,3.215370059013367
CHAT,9.545849800109863,14.576640129089355,5.030790328979492,11.853422465531715,0.756841193952535,7633.604067802424652,11.822314739227295,12.802347946166993
ANDE,4.126029968261719,9.638819694519043,5.512789726257324,7.346720591187476,1.747009173591546,235.095058917999239,7.855274915695190,9.293094730377197
BISO,0.551180005073547,6.911660194396973,6.360480189323425,2.060405697337494,0.724059105425331,13955.127788066847643,1.940930008888245,2.904546070098877
BLRI,0.730019986629486,14.571669578552246,13.841649591922760,4.304383572401548,2.339518095707319,24599.552116274848231,3.862839937210083,6.865156173706056
CARL,8.489910125732422,12.704480171203613,4.214570045471191,10.089773838336649,1.144390765034901,131.167059898376436,9.791339874267578,11.628400039672853
GUCO,13.410289764404297,15.366339683532715,1.956049919128418,14.276834314519709,0.738149623320104,157.045177459716797,14.079600334167480,15.219269752502441
FORA,5.656350135803223,9.299759864807129,3.643409729003906,7.047253234045846,0.875555271521837,197.323090553283691,6.843645095825195,8.251300048828124
WRBR,8.868929862976074,13.790860176086426,4.921930313110352,11.798826370239260,1.327441266855447,294.970659255981502,11.752140045166016,13.588617897033693
CAHA,1.677129983901978,11.714300155639648,10.037170171737671,5.167564715765174,1.670913571822206,7384.449978828433814,4.872839927673340,7.286098194122315
CALO,1.864210009574890,6.007190227508545,4.142980217933655,3.160364146932821,0.389796302005597,3056.072130084037326,3.099889993667603,3.619447994232178
CHCH,6.362110137939453,19.401519775390625,13.039409637451172,11.179862780403520,1.998384478603079,6048.305764198304132,11.055279731750488,13.725910186767578
CONG,2.169889926910400,7.171559810638428,5.001669883728027,3.101978296037458,0.484386900751512,4587.825899839400336,3.020730018615723,3.559113931655884
BISC,2.325139999389648,10.896829605102539,8.571689605712891,4.379593712889897,2.492623289484631,2811.699163675314139,3.201635003089905,9.633952236175537
CASA,13.826450347900391,13.826450347900391,0.000000000000000,13.826450347900391,0.000000000000000,13.826450347900391,13.826450347900391,13.826450347900391
FOMA,1.311079978942871,4.963140010833740,3.652060031890869,2.717175316810608,1.370653727543702,40.757629752159112,1.948989987373352,4.603417873382568
EVER,1.223320007324219,12.692379951477051,11.469059944152832,2.980335695495048,0.899524821281454,171896.821909067890374,2.879859924316406,3.763581991195679
DESO,9.044930458068848,9.501729965209961,0.456799507141113,9.273330211639404,0.228399753570557,18.546660423278809,9.273330211639404,9.456050014495849
FOCA,9.966270446777344,10.346839904785156,0.380569458007812,10.104140281677246,0.132413212311761,50.520701408386230,10.093970298767090,10.251168060302735
GUIS,1.707249999046326,16.347120285034180,14.639870285987854,5.242234681326583,2.898889688185788,12350.704909205431250,4.140895128250122,9.587615013122559
TIMU,0.482450008392334,15.452039718627930,14.969589710235596,4.663714387929152,3.330794801336231,11785.206258296966553,3.030980110168457,9.892618370056153
FODO,1.682819962501526,8.958660125732422,7.275840163230896,5.214192543029787,2.057371254415100,391.064440727234057,5.175940036773682,8.036704254150390
FOFR,5.864270210266113,8.146929740905762,2.282659530639648,7.277341187000275,0.922940340641721,116.437458992004395,7.741214990615845,8.098299980163574
FOPU,1.444800019264221,8.811120033264160,7.366320013999939,3.822569671493246,2.187015385083274,1139.125762104987416,2.751729965209961,7.711082839965822
FOSU,1.621899962425232,8.424810409545898,6.802910447120667,4.263936030864716,2.899013373573097,42.639360308647163,2.445969939231873,7.995032978057861
ANJO,14.158960342407227,14.158960342407227,0.000000000000000,14.158960342407227,0.000000000000000,14.158960342407227,14.158960342407227,14.158960342407227
GRSM,0.000469999999041,11.801489830017090,11.801019830018049,1.666403712063420,0.961518396068939,47922.437951519837952,1.567214965820312,2.508673024177551
HOBE,1.462960004806519,5.671370029449463,4.208410024642944,3.205607038995493,1.174082115012200,368.644809484481641,2.843859910964966,4.900019931793214
KEMO,11.373959541320801,16.848030090332031,5.474070549011230,12.530165579824732,0.903145455974438,2067.477320671080633,12.291720390319824,13.785298156738280
KIMO,0.761889994144440,6.077789783477783,5.315899789333344,2.802508780589470,1.256913762900866,619.354440510272980,2.610800027847290,4.583139896392822
COWP,7.690279960632324,11.320710182189941,3.630430221557617,9.381410416136397,0.955297936846106,440.926289558410645,9.297309875488281,10.705192184448240
MACA,0.156499996781349,9.478349685668945,9.321849688887596,2.050499685953571,1.231718799351121,8154.837251037351962,1.743530035018921,3.687449979782105
ABLI,1.440019965171814,10.230509757995605,8.790489792823792,4.917697560219537,3.309441574423930,103.271648764610276,4.017519950866699,9.534600257873535
MOCR,5.611939907073975,7.960159778594971,2.348219871520996,6.605099868774414,0.825838964790232,33.025499343872070,6.200709819793701,7.610603809356689
NATR,0.828279972076416,18.559570312500000,17.731290340423584,5.542451308364544,3.119669212613323,16211.670076966292982,4.553239822387695,10.178200149536131
SHIL,1.500360012054443,17.012329101562500,15.511969089508057,4.830213411243594,2.949824070511104,2366.804571509361267,3.705145001411438,10.041976356506352
STRI,12.508509635925293,16.359479904174805,3.850970268249512,14.152223000159632,1.112628996202151,551.936697006225586,13.979949951171875,16.002577590942384
VICK,1.077370047569275,17.442089080810547,16.364719033241272,10.116989814643322,5.012177960777755,1426.495563864708402,11.990099906921387,15.477560043334961
OCMU,9.603670120239258,15.473670005798340,5.869999885559082,12.537198527999541,1.183458819824808,2306.844529151915594,12.435389995574951,14.297880744934082
CUIS,1.325000047683716,9.779500007629395,8.454499959945679,2.350051110970244,0.565738211084995,4427.496293067940314,2.258470058441162,3.017838025093079
OBRI,0.627279996871948,4.744929790496826,4.117649793624878,1.902722947250139,0.755849515687529,574.622330069542159,1.783800005912781,2.879266977310181
LIRI,0.365770012140274,6.333020210266113,5.967250198125839,2.209187487749572,1.197397316984557,1891.064489513633589,1.874709963798523,4.042539834976196
RUCA,1.160459995269775,4.257780075073242,3.097320079803467,2.078778511285782,0.915304156942220,41.575570225715630,1.756785035133362,3.532390093803406
NISI,2.518620014190674,8.311570167541504,5.792950153350830,4.144468307495118,1.320223427032971,219.656820297241268,3.810600042343140,5.976632022857666
TUAI,8.661589622497559,12.767950057983398,4.106360435485840,10.865440011024475,1.312979183038364,86.923520088195801,10.899815082550049,12.331269168853758
SEMO,9.175219535827637,9.175219535827637,0.000000000000000,9.175219535827637,0.000000000000000,9.175219535827637,9.175219535827637,9.175219535827637
NATC,14.217670440673828,17.327009201049805,3.109338760375977,15.636544863382975,1.047545948144956,93.819269180297852,15.590284824371338,16.832289695739746
CHPI,12.684189796447754,13.528630256652832,0.844440460205078,13.106410026550293,0.422220230102539,26.212820053100586,13.106410026550293,13.444186210632324
JICA,5.750559806823730,10.409770011901855,4.659210205078125,8.195090055465698,2.174840009915221,32.780360221862793,8.310015201568604,10.380322074890136
MALU,20.301570892333984,20.535379409790039,0.233808517456055,20.418475151062012,0.116904258728027,40.836950302124023,20.418475151062012,20.511998558044432
CUVA,8.336000442504883,16.719879150390625,8.383878707885742,10.389314956309521,0.929816431100264,18950.110480308565457,10.278059959411621,11.637964630126952
APIS,0.526610016822815,5.302780151367188,4.776170134544373,2.723385715005767,0.736059829754145,6440.807215988638745,2.612989902496338,3.728878021240234
NIOB,1.592659950256348,7.407720088958740,5.815060138702393,3.361886037868573,0.691222590891709,5415.998407006271009,3.272409915924072,4.079629898071289
IATR,5.666170120239258,7.747059822082520,2.080889701843262,6.930193344751993,0.485996420432187,83.162320137023926,6.943500041961670,7.269413089752197
EFMO,1.701120018959045,6.515450000762939,4.814329981803894,3.196233083318164,0.962199419394204,457.061330914497489,3.006119966506958,4.711030197143556
DAAV,12.014730453491211,16.724679946899414,4.709949493408203,12.996166706085205,1.679976052491481,77.977000236511230,12.269084930419922,14.676364898681641
FOLS,5.807449817657471,8.243980407714844,2.436530590057373,7.378801294275231,0.427315923529493,273.015647888183537,7.462339878082275,7.799428081512451
FOSC,12.395959854125977,12.395959854125977,0.000000000000000,12.395959854125977,0.000000000000000,12.395959854125977,12.395959854125977,12.395959854125977
TAPR,2.556210041046143,9.101129531860352,6.544919490814209,4.369470451155194,1.062419811841149,2669.746445655823209,4.162270069122314,6.006830215454102
GWCA,4.335159778594971,5.977250099182129,1.642090320587158,5.211281657218934,0.577352689395209,62.535379886627211,5.264235019683838,5.897140789031983
WICR,3.747829914093018,10.508890151977539,6.761060237884521,6.778173666151743,1.623982199471693,854.049881935119629,6.485534906387329,9.088300228118896
JAGA,15.161170005798340,15.161170005798340,0.000000000000000,15.161170005798340,0.000000000000000,15.161170005798340,15.161170005798340,15.161170005798340
KEWE,7.506269931793213,12.518489837646484,5.012219905853271,10.287482857704161,1.121016651490492,1069.898217201232683,10.361699581146240,11.655049991607665
GRPO,0.357520014047623,5.955629825592041,5.598109811544418,2.414092138861165,1.080405247262630,79.665040582418442,2.469500064849854,3.367958021163941
HSTR,14.567819595336914,15.161919593811035,0.594099998474121,14.864869594573975,0.297049999237061,29.729739189147949,14.864869594573975,15.102509593963623
HEHO,7.433290004730225,9.162630081176758,1.729340076446533,8.673716371709649,0.506576898374598,95.410880088806138,8.810449600219727,9.139820098876953
HOME,5.185520172119141,12.524990081787109,7.339469909667969,9.508363187313080,2.180347626623567,152.133810997009277,10.172685146331787,11.649539947509766
ISRO,2.420900106430054,6.040480136871338,3.619580030441284,4.119589052655005,0.453780379723304,36116.437224626431998,4.148159980773926,4.664970207214356
PIRO,1.358749985694885,8.238389968872070,6.879639983177185,2.991578286212371,0.573366238637010,11299.191187024125611,2.938189983367920,3.584025907516479
RIRA,12.547490119934082,13.907389640808105,1.359899520874023,13.096526463826498,0.585233084398850,39.289579391479492,12.834699630737305,13.692851638793947
LECL,9.203459739685059,10.957790374755859,1.754330635070801,9.962155024210611,0.660406499686915,59.772930145263672,9.878375053405762,10.796935081481934
LIBO,7.428040027618408,8.851140022277832,1.423099994659424,8.174607944488525,0.384913528340090,81.746079444885254,8.317850112915039,8.431586742401123
JEFF,15.507679939270020,19.126960754394531,3.619280815124512,16.974483410517372,1.108788057050157,203.693800926208468,16.884534835815430,18.823732376098633
GERO,13.970310211181641,13.970310211181641,0.000000000000000,13.970310211181641,0.000000000000000,13.970310211181641,13.970310211181641,13.970310211181641
LIHO,18.988899230957031,18.988899230957031,0.000000000000000,18.988899230957031,0.000000000000000,18.988899230957031,18.988899230957031,18.988899230957031
OZAR,2.442290067672729,12.239359855651855,9.797069787979126,5.443367439672008,1.243132110686294,24794.538687705997290,5.277790069580078,7.095537853240970
SCBL,5.878600120544434,13.914690017700195,8.036089897155762,9.870376413760903,2.179222304615483,1766.797378063201677,10.002510070800781,12.556706047058105
AGFO,2.247980117797852,4.578569889068604,2.330589771270752,3.331984410566442,0.497357601785619,566.437349796295052,3.258384943008423,4.084517049789429
HOCU,1.732560038566589,14.965339660644531,13.232779622077942,7.726548947095869,3.324528929104165,772.654894709586983,7.649994850158691,11.867270946502686
PEVI,5.683380126953125,8.159049987792969,2.475669860839844,6.921215057373047,1.237834930419922,13.842430114746094,6.921215057373047,7.911483001708985
PIPE,6.514840126037598,8.636910438537598,2.122070312500000,7.795368703206380,0.626364769794579,116.930530548095703,7.815999984741211,8.560531997680664
SACN,1.026720046997070,11.808549880981445,10.781829833984375,4.095430154327625,1.727709958831898,15984.463892340720122,3.667570114135742,6.505613994598389
MISS,3.452019929885864,23.030679702758789,19.578659772872925,12.175768303105153,3.899735077308553,36381.195689678199415,11.671559810638428,17.106066894531249
LOSA,2.698810100555420,10.703269958496094,8.004459857940674,4.809328854651676,1.593613306997156,3029.877178430555887,4.255115032196045,7.165986013412477
SLBE,1.334589958190918,8.344120025634766,7.009530067443848,3.725114347645733,1.174511124447804,12292.877347230918531,3.499099969863892,5.543662929534912
VOYA,0.875000000000000,4.829239845275879,3.954239845275879,2.331624235439884,0.369226533708928,26545.541920483075955,2.343800067901611,2.784055995941162
MIMI,6.608320236206055,6.608320236206055,0.000000000000000,6.608320236206055,0.000000000000000,6.608320236206055,6.608320236206055,6.608320236206055
BITH,0.825139999389648,11.236960411071777,10.411820411682129,3.188334463521496,1.796031406274271,19946.220403790477576,2.575679898262024,5.783890008926392
CARI,3.686340093612671,10.368330001831055,6.681989908218384,6.965196150999803,1.910597398322487,90.547549962997451,6.540200233459473,9.035665893554688
AMIS,0.026261029765010,10.484840393066406,10.458579363301396,2.246692535392024,1.277419301202043,7573.600536806512537,2.037519931793213,3.503420114517212
ARPO,3.332690000534058,4.945310115814209,1.612620115280151,3.966883476390396,0.372014018747974,170.575989484787016,4.037809848785400,4.458827877044678
BIBE,0.001490000053309,7.068610191345215,7.067120191291906,2.188793893773623,0.845336411440196,98482.592456450394820,2.071079969406128,3.404707050323486
CAVO,2.336879968643188,6.201650142669678,3.864770174026489,4.389671149707977,1.021084721546759,184.366188287735042,4.395539999008179,5.791972017288208
CAVE,0.673150002956390,9.854129791259766,9.180979788303375,2.359099771757228,1.032126379343766,6131.300306797033954,2.175859928131104,3.457663917541505
GUMO,0.795220017433167,6.627220153808594,5.832000136375427,2.487945072646972,0.599627578578263,12039.166206538699043,2.425590038299561,3.206981897354126
CHAM,29.090179443359375,29.128080368041992,0.037900924682617,29.109129905700684,0.018950462341309,58.218259811401367,29.109129905700684,29.124290275573731
FODA,5.153339862823486,8.412639617919922,3.259299755096436,6.709649633478234,0.859741200747708,181.160540103912325,6.731140136718750,7.676258182525634
FOUN,3.127619981765747,6.520080089569092,3.392460107803345,4.726765944844201,0.925643730173682,198.524169683456449,4.536625146865845,6.145710945129395
SAPU,3.759850025177002,8.900489807128906,5.140639781951904,5.836796602960363,1.352990581042261,344.370999574661425,5.891139984130859,7.599957942962647
HOSP,1.320539951324463,16.328599929809570,15.008059978485107,10.010875188566571,2.694743244004448,3073.338682889937445,10.221050262451172,12.595414352416993
CHSC,22.420249938964844,22.420249938964844,0.000000000000000,22.420249938964844,0.000000000000000,22.420249938964844,22.420249938964844,22.420249938964844
FOSM,14.048830032348633,15.761119842529297,1.712289810180664,15.173133214314779,0.795282206885560,45.519399642944336,15.709449768066406,15.750785827636719
PERI,1.528380036354065,9.914090156555176,8.385710120201111,4.419482587818128,1.924466027320052,1109.290129542350087,3.811840057373047,7.130970001220703
BUFF,0.819490015506744,7.354300022125244,6.534810006618500,2.859847354877475,1.046796499047473,14899.804718911645978,2.748530030250549,4.202633142471314
LYJO,3.113909959793091,11.319290161132812,8.205380201339722,5.137883471406026,1.733719001466184,472.685279369354362,4.414940118789673,7.345402860641481
AZRU,11.694080352783203,15.614359855651855,3.920279502868652,13.441432952880861,1.249672880681734,228.504360198974638,13.377280235290527,15.251489830017089
CACH,0.969590008258820,14.540869712829590,13.571279704570770,3.475195768914839,2.308840988237447,17021.508876144882379,2.592725038528442,7.679309082031252
CHCU,1.675690054893494,12.544280052185059,10.868589997291565,3.342935986844260,1.308230803870847,6368.293054938315436,2.947999954223633,5.209707927703858
ELMO,3.922399997711182,5.938250064849854,2.015850067138672,5.157328042719100,0.447673962181044,371.327619075775203,5.254654884338379,5.663676786422729
HUTR,11.674909591674805,15.414179801940918,3.739270210266113,13.597262642600318,1.134377601068519,149.569889068603516,13.746479988098145,14.962759971618652
NAVA,1.495169997215271,4.793789863586426,3.298619866371155,2.407079049519130,0.759026647545223,50.548660039901733,2.158210039138794,3.272380113601685
WACA,1.195140004158020,4.734710216522217,3.539570212364197,2.502858233056675,0.750349027062364,453.017340183258113,2.564579963684082,3.530009984970093
SUCR,1.266839981079102,5.169290065765381,3.902450084686279,2.346161543982369,0.915369225435665,410.578270196914559,1.971799969673157,3.783289957046509
WUPA,0.002415336901322,7.018270015716553,7.015854678815231,2.290788905802404,1.315078314371542,4517.435722242341399,1.973669946193695,4.359697103500366
PAIS,2.204829931259155,5.134749889373779,2.929919958114624,3.631848919809310,0.479974957615474,12646.097938776018054,3.596714973449707,4.283089780807495
PECO,1.346560001373291,11.287269592285156,9.940709590911865,4.998010969659992,2.322195383233922,1914.238201379776910,4.575349807739258,8.425742149353027
CHIC,2.288769960403442,10.690739631652832,8.401969671249390,4.333592698708202,1.650084989367018,2387.809576988219305,3.729680061340332,6.514289855957031
JELA,2.444710016250610,16.341760635375977,13.897050619125366,7.404162471439674,2.120112427355049,8263.045318126676648,7.286780118942261,10.011929988861084
LAMR,1.350520014762878,8.322810173034668,6.972290158271790,3.525180475956252,1.102120497937481,8114.965455651293269,3.352295041084290,4.965314149856568
ALFL,2.018179893493652,3.183589935302734,1.165410041809082,2.609378845263750,0.255555665397032,203.531549930572481,2.639235019683838,2.947619056701660
RIGR,0.000383245613193,4.533160209655762,4.532776964042569,1.544605187321406,0.807150480544288,1825.723331413901633,1.695509970188141,2.475106954574585
PETR,10.334509849548340,22.944419860839844,12.609910011291504,14.586692649140854,3.392153416338116,5878.437137603764313,13.728440284729004,19.997145080566408
SAAN,3.988850116729736,16.939439773559570,12.950589656829834,14.065690331988867,3.121565109496204,759.547277927398795,14.645929813385010,16.364929389953613
WABA,2.952759981155396,5.942580223083496,2.989820241928101,4.193493869569567,1.024916042140624,75.482889652252197,3.948300004005432,5.525001955032349
WHSA,2.099230051040649,11.812959671020508,9.713729619979858,5.256656998937793,1.490303635515809,43251.773787260164681,5.353184938430786,6.991370058059692
ELMA,0.161019995808601,14.599780082702637,14.438760086894035,1.460319098860922,0.807498238798261,9214.613513812419114,1.289704978466034,2.056716966629029
POPO,3.184390068054199,6.242619991302490,3.058229923248291,5.053849282088104,0.753234515306559,272.907861232757568,5.248465061187744,5.793916082382202
PAAL,3.279720067977905,21.483140945434570,18.203420877456665,6.588495076648773,2.615094659940109,1245.225569486618042,6.263860225677490,10.083162117004395
CHIS,2.035569906234741,13.450869560241699,11.415299654006958,3.025892855804488,0.438097975223673,21284.130347728769266,2.983850002288818,3.582967042922974
DEVA,0.003936157096177,13.912619590759277,13.908683433663100,2.840891271560714,0.829772532315369,541743.761030270252377,2.710439920425415,3.971966075897217
EUON,13.493789672851562,13.493789672851562,0.000000000000000,13.493789672851562,0.000000000000000,13.493789672851562,13.493789672851562,13.493789672851562
GRCA,0.000143300203490,12.107780456542969,12.107637156339479,3.804505652790338,2.000241903049335,254247.503764672670513,3.729675054550171,6.568227005004884
JOTR,0.471439987421036,20.126510620117188,19.655070632696152,4.515128919124319,1.560657362592021,199817.030315846728627,4.504960060119629,6.446773910522461
LAKE,0.001728635048494,21.445720672607422,21.443992037558928,5.843885175506245,2.593877966849538,484709.368112014490180,5.825689792633057,8.888078117370606
MOJA,0.673200011253357,17.139820098876953,16.466620087623596,4.103146334846258,0.955167925097999,361663.627392353722826,4.037000179290771,4.811214160919190
LAVO,0.004960000049323,9.008429527282715,9.003469527233392,1.675148308370636,1.396791379259016,10002.310549281066415,1.288579940795898,2.933589935302734
LABE,0.001401609042659,8.880559921264648,8.879158312221989,2.202647767345220,1.571439657004257,5724.681547330226749,2.378880023956299,4.325677967071534
GRBA,1.044270038604736,5.677239894866943,4.632969856262207,2.515600792990494,0.588986278155488,10761.740192413331897,2.476064920425415,3.274864077568054
PEFO,1.775820016860962,11.058230400085449,9.282410383224487,3.736228969202542,1.245134101303130,46228.361035943053139,3.469180107116699,5.288594055175782
PINN,0.000048314741434,8.117019653320312,8.116971338578878,2.075566717175855,1.884901135456465,3075.989874854616573,1.817834973335266,4.806201171875001
REDW,0.050340000540018,9.151209831237793,9.100869830697775,2.183660492293564,1.212594775459346,16438.596185985948978,1.843529999256134,3.749470067024231
RORI,16.511240005493164,18.125719070434570,1.614479064941406,16.964279492696129,0.554115960578648,101.785676956176772,16.776849746704102,17.582444190979004
JOMU,12.751480102539062,15.966440200805664,3.214960098266602,14.130984762440557,0.771537638967376,325.012649536132812,14.135760307312012,15.140245628356933
MUWO,2.686860084533691,9.447469711303711,6.760609626770020,4.529632012049357,1.772321508158033,135.888960361480684,4.073240041732788,7.023741102218628
PORE,1.144099950790405,8.616979598999023,7.472879648208618,3.079545688602431,0.964116944679149,10987.819016933472085,3.035185098648071,4.231868934631348
SAMO,1.775120019912720,22.995939254760742,21.220819234848022,9.736915936063346,4.459847907939750,82763.785456538433209,9.285834789276123,15.960677814483644
SEQU,0.298310011625290,11.808059692382812,11.509749680757523,2.576848415398858,0.932872067251829,58203.275158613992971,2.512399911880493,3.607679986953736
KICA,0.067500002682209,9.827429771423340,9.759929768741131,2.872065643635093,0.802612464229006,73183.104665465798462,2.933269977569580,3.679640054702759
DEPO,0.370420008897781,2.363650083541870,1.993230074644089,1.381913409314373,0.470933241879273,60.804190009832404,1.437129974365234,2.014347910881043
CAGR,12.185000419616699,17.117889404296875,4.932888984680176,14.402999267578124,1.338117131192198,360.074981689453125,14.810549736022949,15.741235733032227
CHIR,1.269400000572205,6.094850063323975,4.825450062751770,2.273704720281921,0.672582339451008,1541.571800351142201,2.089625000953674,3.144505953788758
CORO,1.811079978942871,5.736690044403076,3.925610065460205,3.512172827630674,0.667790916271463,930.725799322128523,3.495239973068237,4.308949947357178
FOBO,0.824599981307983,4.151529788970947,3.326929807662964,2.145707467469302,1.126483329130935,118.013910710811601,1.648859977722168,3.649462032318116
MOCA,5.295189857482910,11.555549621582031,6.260359764099121,8.927204164965399,1.582181809928243,517.777841567993164,9.087115287780762,11.142382049560547
ORPI,0.502430021762848,11.439620018005371,10.937189996242523,2.485944991194274,0.946115134894552,45604.660863458957465,2.316989898681641,3.380959939956666
SAGU,0.956499993801117,16.786960601806641,15.830460608005524,4.744003925225665,2.100564515834085,24630.868379771654872,4.785150051116943,6.889466190338135
TONT,4.031960010528564,6.840939998626709,2.808979988098145,5.105647775861953,0.782592098631598,321.655809879303035,4.898419857025146,6.273521804809571
TUMA,6.172170162200928,12.636400222778320,6.464230060577393,7.532036675347222,1.361934436254656,135.576660156250000,7.375294923782349,8.302153778076171
TUZI,7.918039798736572,12.948289871215820,5.030250072479248,10.239851192994553,1.237278064802488,450.553452491760368,10.329949855804443,11.631037235260010
PIMA,8.204710006713867,15.170649528503418,6.965939521789551,10.022515604893366,2.194807917206892,962.161498069763184,8.926434993743896,13.864244937896729
WHIS,0.150079995393753,6.455679893493652,6.305599898099899,2.129433627294401,1.102020189415559,4991.392422378076844,1.931640028953552,3.572090053558350
MANZ,4.030000209808350,7.431499958038330,3.401499748229980,5.540449343787300,0.845048774157799,249.320220470428495,5.521399974822998,6.623620128631591
YOSE,0.383009999990463,8.668869972229004,8.285859972238541,2.483571083094280,0.878646119809281,103130.289225489977980,2.355809926986694,3.360956001281738
SAFR,18.315929412841797,19.461360931396484,1.145431518554688,19.072885036468506,0.445422574302484,76.291540145874023,19.257124900817871,19.409142684936523
JODA,0.484160006046295,10.439729690551758,9.955569684505463,4.111378664988782,1.742390012540999,3198.652601361271991,4.130699872970581,6.148628187179566
LARO,0.574829995632172,15.644149780273438,15.069319784641266,3.719809998849424,2.042767269234121,16356.004564940916680,3.213759899139404,6.423371982574462
CRMO,0.770810008049011,9.762590408325195,8.991780400276184,2.870082836066691,1.234939795380526,8509.795608937740326,2.818389892578125,4.263478088378906
CRMP,0.000135847498314,10.160030364990234,10.159894517491921,2.870024742754257,0.948336535449510,111331.129796180393896,2.733299970626831,4.108590126037598
EBLA,2.350419998168945,13.505880355834961,11.155460357666016,6.771246707153798,2.132603386130359,5369.598638772961749,6.455749988555908,9.785476112365723
CRLA,0.141980007290840,8.676289558410645,8.534309551119804,2.063266404681710,1.010667314292006,20913.268277853811014,1.886484980583191,3.053154945373535
ORCA,0.769779980182648,8.390489578247070,7.620709598064423,4.168960671424863,2.015604351141337,1042.240167856215976,4.112989902496338,7.204597854614257
MIIN,8.085680007934570,13.154669761657715,5.068989753723145,9.309701374598912,0.983457082163409,195.503728866577148,9.291620254516602,9.699859619140625
NEPE,0.477239996194839,8.683010101318359,8.205770105123520,3.096155896656593,1.545143232725853,730.692791610956078,2.856644988059998,5.116810083389282
LEWI,2.053280115127563,9.537159919738770,7.483879804611206,5.717399755263711,1.245449266986816,1069.153754234313965,5.554500102996826,7.288812065124512
FOVA,19.726900100708008,20.855979919433594,1.129079818725586,20.401420752207439,0.383527553112432,244.817049026489258,20.535579681396484,20.777911758422853
MORA,0.000080872217950,9.722519874572754,9.722439002354804,3.226485750342014,1.978154949563650,42334.719530237562140,2.969389915466309,6.270689964294434
NOCA,0.280660003423691,6.654870033264160,6.374210029840469,3.233678287696666,0.760544746379427,89954.462607145862421,3.226534962654114,4.202813148498535
LACH,1.346459984779358,4.844480037689209,3.498020052909851,2.931312870418967,0.599267668508997,10227.350604891777039,2.857620000839233,3.774550008773804
ROLA,0.062380000948906,9.865059852600098,9.802679851651192,2.477590608224270,1.055665915416542,16054.787141293270906,2.326669931411743,3.401818013191225
OLYM,0.003729999996722,13.383290290832520,13.379560290835798,2.819178825164915,0.969121690084571,142782.949958127486752,2.815079927444458,4.027487945556642
SAJH,1.393829941749573,5.949900150299072,4.556070208549500,4.106901183849624,1.144362679915829,488.721240878105277,4.245130062103271,5.390618228912354
WHMI,5.127580165863037,7.157110214233398,2.029530048370361,6.284673319922553,0.752584207383053,56.562059879302979,6.759399890899658,7.096821975708007
CIRO,0.417950004339218,6.358190059661865,5.940240055322647,2.617533705079996,0.813638539815803,2120.202301114797137,2.528429985046387,3.565425920486450
HAFO,4.964399814605713,10.086310386657715,5.121910572052002,7.132464095580677,0.974597220732048,1726.056311130523909,6.962335109710693,8.583322238922120
MLKM,18.427080154418945,18.427080154418945,0.000000000000000,18.427080154418945,0.000000000000000,18.427080154418945,18.427080154418945,18.427080154418945
FOMR,10.517939567565918,13.076279640197754,2.558340072631836,11.308868544442316,0.619187542492949,237.486239433288631,11.033169746398926,12.115920066833496
PAGR,17.969339370727539,18.541299819946289,0.571960449218750,18.255319595336914,0.285980224609375,36.510639190673828,18.255319595336914,18.484103775024412
CECH,7.835209846496582,12.247329711914062,4.412119865417480,9.410694758097330,1.405503494904606,56.464168548583984,9.003669738769531,11.046264648437500
HATU,2.310280084609985,5.936019897460938,3.625739812850952,2.881596152599041,0.953686576254960,74.921499967575073,2.440850019454956,3.916710019111633
FRST,9.954469680786133,14.720580101013184,4.766110420227051,11.336040294531621,0.899001851212896,748.178659439087028,11.150535106658936,12.681879997253418
CHYO,10.823690414428711,11.356940269470215,0.533249855041504,11.131356875101725,0.225302869201898,33.394070625305176,11.213439941406250,11.328240203857423
CAJO,2.194989919662476,5.362420082092285,3.167430162429810,4.301976044972738,0.889876006494264,64.529640674591079,4.549280166625977,5.256890106201173
NEEN,8.823399543762207,10.674710273742676,1.851310729980469,9.451951026916504,0.453887315953367,94.519510269165039,9.400794982910156,9.660410404205322
NOCO,4.053390026092529,9.375960350036621,5.322570323944092,5.790310568279691,1.432527236135607,104.225590229034438,5.405994892120361,7.387021970748902
HART,10.471139907836914,11.670370101928711,1.199230194091797,11.070755004882812,0.599615097045898,22.141510009765625,11.070755004882812,11.550447082519531
BLRV,10.440079689025879,11.937060356140137,1.496980667114258,11.285857105255127,0.452107823931863,112.858571052551270,11.188420295715332,11.915514278411866
TUSK,8.187500000000000,23.442939758300781,15.255439758300781,12.340838783270179,3.564409840258340,15660.524415969857728,10.661149978637695,18.477016067504884
MAPR,3.802139997482300,13.084750175476074,9.282610177993774,10.215434259838528,3.586033778037894,91.938908338546753,12.465479850769043,13.074757957458496
WACO,11.093819618225098,11.924650192260742,0.830830574035645,11.571168263753254,0.259389251978978,69.427009582519531,11.574389934539795,11.847975254058838
CAMO,3.694289922714233,6.866630077362061,3.172340154647827,4.577228029568987,0.400059191037313,5300.430058240886865,4.541320085525513,5.043876075744628
KAWW,0.677810013294220,3.870480060577393,3.192670047283173,1.903325183097135,0.421890456242154,9478.559411823734990,1.843900024890900,2.465806031227112
REER,9.160770416259766,11.839220046997070,2.678449630737305,10.515275001525879,0.947333306458375,42.061100006103516,10.530554771423340,11.455574035644531
STGE,7.640309810638428,11.403289794921875,3.762979984283447,9.650109767913818,1.546909808184750,28.950329303741455,9.906729698181152,11.103977775573730
CANE,2.507930040359497,7.797619819641113,5.289689779281616,4.370910030144912,1.398775997911315,113.643660783767700,3.907835006713867,6.787790060043335
TULE,14.470339775085449,14.748089790344238,0.277750015258789,14.609214782714844,0.138875007629395,29.218429565429688,14.609214782714844,14.720314788818360
MISP,3.104510068893433,10.369680404663086,7.265170335769653,6.012985309922551,1.805987694624721,499.077780723571777,6.315020084381104,8.196536254882812
DDEM,20.896379470825195,20.896379470825195,0.000000000000000,20.896379470825195,0.000000000000000,20.896379470825195,20.896379470825195,20.896379470825195
NEPH,5.177730083465576,7.937679767608643,2.759949684143066,6.803698607853480,0.946233927571420,47.625890254974365,6.803559780120850,7.774113941192627
SEKI_LP,3.243599891662598,7.159900188446045,3.916300296783447,5.803471035427517,1.078909200178195,52.231239318847656,5.983059883117676,7.090027904510498
