UNIT_CODE,MIN_N,MAX_N,RANGE_N,MEAN_N,STD_N,SUM_N,MEDIAN_N,PCT90_N
GICL,27.896659851074219,28.455390930175781,0.558731079101562,28.254131843303817,0.154353971632773,819.369823455810661,28.229520797729492,28.441812133789064
ASIS,35.735340118408203,36.480800628662109,0.745460510253906,36.257269647071865,0.121338779735070,73312.199226379307220,36.277875900268555,36.391779327392577
VALL,28.314130783081055,29.031339645385742,0.717208862304688,28.644067000801620,0.103074347723038,141329.826581955188885,28.643064498901367,28.776321792602538
PETE,33.410179138183594,35.010509490966797,1.600330352783203,33.883073766023230,0.218115910422877,17449.782989501964039,33.852981567382812,34.204016113281249
DINO,21.231569290161133,29.000839233398438,7.769269943237305,26.715119381873162,1.495427151462147,312166.169977187877521,27.215209960937500,27.873466110229494
CUGA,32.032371520996094,35.054588317871094,3.022216796875000,33.323614555443363,0.827077149245378,45153.497722625754250,33.507461547851562,34.220483398437501
BAND,22.667039871215820,29.033119201660156,6.366079330444336,26.434186248576399,1.859364701454829,49696.270147323630226,27.273334503173828,28.552168273925783
AMCH,29.504640579223633,30.349969863891602,0.845329284667969,29.936850865681961,0.243248864546128,808.294973373412972,30.033100128173828,30.156199264526364
INDU,33.465049743652344,35.413318634033203,1.948268890380859,34.382450862237640,0.309398032758168,29396.995487213182059,34.355541229248047,34.822403717041013
BADL,27.560749053955078,30.775850296020508,3.215101242065430,28.822333180201980,0.436263268407440,387919.782272338459734,28.893789291381836,29.252529144287109
CABR,31.303539276123047,31.904159545898438,0.600620269775391,31.504171133041382,0.221148698646195,252.033369064331055,31.399230003356934,31.806930351257325
CHOH,33.510669708251953,35.713840484619141,2.203170776367188,34.417076239806519,0.405637468313142,38684.793693542524124,34.503025054931641,34.883351135253911
GOGA,30.536409378051758,32.914199829101562,2.377790451049805,31.945981609568882,0.309028978297960,135770.421840667753713,31.952409744262695,32.297614669799806
BOST,34.203708648681641,34.743038177490234,0.539329528808594,34.473373413085938,0.269664764404297,68.946746826171875,34.473373413085938,34.689105224609378
MAVA,33.262130737304688,34.350288391113281,1.088157653808594,33.684904659495643,0.332859408122494,572.643379211425895,33.600078582763672,34.218384552001950
SPAR,34.095390319824219,34.319740295410156,0.224349975585938,34.209880828857422,0.086451395076155,136.839523315429688,34.212196350097656,34.302031707763675
ACAD,30.142509460449219,33.472309112548828,3.329799652099609,31.616252754433493,0.567968648532588,60829.670299530036573,31.662514686584473,32.332454681396484
ADAM,34.439739227294922,34.439739227294922,0.000000000000000,34.439739227294922,0.000000000000000,34.439739227294922,34.439739227294922,34.439739227294922
MIMA,33.621959686279297,34.977218627929688,1.355258941650391,34.045369183575659,0.362469993823625,1838.449935913085483,33.955184936523438,34.751095581054685
SAIR,34.810199737548828,34.810199737548828,0.000000000000000,34.810199737548828,0.000000000000000,34.810199737548828,34.810199737548828,34.810199737548828
CACO,33.458469390869141,35.386440277099609,1.927970886230469,34.337483879347630,0.523017162498795,59850.234401702917239,34.297489166259766,35.041939544677732
ELRO,33.672939300537109,34.718730926513672,1.045791625976562,34.377826690673828,0.348831759058283,275.022613525390625,34.478416442871094,34.685597991943361
LONG,34.630451202392578,34.630451202392578,0.000000000000000,34.630451202392578,0.000000000000000,34.630451202392578,34.630451202392578,34.630451202392578
GATE,34.759510040283203,36.055381774902344,1.295871734619141,35.421598098036341,0.178768052107218,44383.262416839534126,35.411388397216797,35.662459564208987
SAPA,34.705478668212891,34.705478668212891,0.000000000000000,34.705478668212891,0.000000000000000,34.705478668212891,34.705478668212891,34.705478668212891
FOST,33.844020843505859,33.844020843505859,0.000000000000000,33.844020843505859,0.000000000000000,33.844020843505859,33.844020843505859,33.844020843505859
FIIS,35.197261810302734,36.010810852050781,0.813549041748047,35.673451880104544,0.143405202756034,33390.350959777853859,35.614078521728516,35.909429550170898
HOFR,33.632671356201172,34.755638122558594,1.122966766357422,33.936607594392726,0.227173859715886,1662.893772125243459,33.892288208007812,34.098361206054690
VAMA,33.706790924072266,34.796340942382812,1.089550018310547,34.313131713867193,0.321956746686644,343.131317138671932,34.368864059448242,34.660089874267577
SARA,33.466030120849609,34.779769897460938,1.313739776611328,33.812962565930398,0.253347781000775,6661.153625488288526,33.756748199462891,34.029333496093749
SAGA,32.240108489990234,33.211410522460938,0.971302032470703,32.830439090728760,0.364043352353606,262.643512725830078,33.001380920410156,33.187981414794919
STLI,35.553768157958984,35.626758575439453,0.072990417480469,35.591808319091797,0.029878207160396,106.775424957275391,35.594898223876953,35.620386505126952
EDIS,34.713741302490234,34.713741302490234,0.000000000000000,34.713741302490234,0.000000000000000,34.713741302490234,34.713741302490234,34.713741302490234
MORR,33.470188140869141,34.621109008789062,1.150920867919922,33.675177230048440,0.157186309517796,3266.492191314698630,33.671199798583984,33.822712707519528
SAHI,34.429191589355469,34.901161193847656,0.471969604492188,34.573973083496092,0.178759371169134,172.869865417480469,34.477050781250000,34.791880798339847
BOHA,33.781421661376953,35.314979553222656,1.533557891845703,34.718060799364764,0.337095242862554,3680.114444732665106,34.780891418457031,35.065206527709961
GOIS,35.039688110351562,35.554489135742188,0.514801025390625,35.297088623046875,0.257400512695312,70.594177246093750,35.297088623046875,35.503009033203128
LOWE,34.117271423339844,34.669330596923828,0.552059173583984,34.359811782836914,0.222119712465797,206.158870697021484,34.280740737915039,34.652324676513672
NEBE,34.256118774414062,34.544429779052734,0.288311004638672,34.400274276733398,0.144155502319336,68.800548553466797,34.400274276733398,34.515598678588866
WEFA,34.280258178710938,34.477119445800781,0.196861267089844,34.388219451904298,0.075997614196429,171.941097259521484,34.386779785156250,34.472651672363284
MABI,31.961610794067383,33.086021423339844,1.124410629272461,32.562943809910827,0.299870118098030,1237.391864776611328,32.621034622192383,32.957920837402341
KNRI,30.926019668579102,32.104961395263672,1.178941726684570,31.486793941921658,0.256511620316334,3117.192600250244141,31.452629089355469,31.907869338989258
BICA,21.455890655517578,30.621540069580078,9.165649414062500,25.170784623380563,2.019272647125999,167436.059314727492165,25.575810432434082,28.336421585083009
CANY,21.037269592285156,27.377029418945312,6.339759826660156,21.876584120817935,0.977497136060432,406007.524698260065634,21.585649490356445,22.615999984741212
ARCH,21.013969421386719,22.564529418945312,1.550559997558594,21.417818954403092,0.254841934548538,90940.059280395522364,21.350709915161133,21.726900100708008
NABR,24.775470733642578,27.466129302978516,2.690658569335938,25.850843366586968,0.493292340871371,10960.757587432874061,25.772735595703125,26.519988822937012
BLCA,25.582479476928711,28.431510925292969,2.849031448364258,27.468593019594444,0.579275957021561,47603.071702957167872,27.593580245971680,28.089685440063477
COLM,24.587390899658203,27.144329071044922,2.556938171386719,26.637787626493363,0.500159071600412,30233.888956069968117,26.858390808105469,27.043073654174805
CURE,22.097230911254883,28.277790069580078,6.180559158325195,24.786951564213663,2.307505021584929,57208.284210205136333,23.859180450439453,27.881653594970704
LIBI,27.591760635375977,29.516370773315430,1.924610137939453,28.443575676451331,0.570390199769983,1336.848056793212663,28.272529602050781,29.333314132690433
DETO,29.945129394531250,31.043619155883789,1.098489761352539,30.287109916274613,0.355941615387810,2241.246133804321289,30.092720031738281,30.860139465332033
FOLA,29.464019775390625,30.890850067138672,1.426830291748047,30.217297385720645,0.478835641688016,1541.082166671752930,30.439859390258789,30.758560180664062
GLAC,27.243419647216797,30.205339431762695,2.961919784545898,28.827686307223516,0.415071619796009,1612909.048889155732468,28.865085601806641,29.345831871032715
GLCA,20.637060165405273,27.580230712890625,6.943170547485352,22.555736311522875,0.866401898542731,1565390.655755999032408,22.725130081176758,23.406589508056641
RABR,22.555009841918945,23.184989929199219,0.629980087280273,22.835789918899536,0.197515970870983,182.686319351196289,22.825980186462402,23.046130943298341
GOSP,23.920530319213867,26.272010803222656,2.351480484008789,25.333992540019828,0.495661426270160,3698.762910842895053,25.452159881591797,25.788249969482422
GRTE,25.086849212646484,28.988229751586914,3.901380538940430,27.604664087364725,0.654805910605890,475103.873607634275686,27.657510757446289,28.268579483032227
SAND,29.073369979858398,31.218999862670898,2.145629882812500,30.065153755909400,0.382288815576775,20985.477321624759497,29.944109916687012,30.777693557739255
GRSA,20.787069320678711,29.095649719238281,8.308580398559570,24.128631990244273,3.169136288293398,200050.487831115256995,23.170930862426758,28.490549087524414
JODR,27.709739685058594,28.656730651855469,0.946990966796875,28.204744865504487,0.125562235792402,37089.239498138398631,28.193529129028320,28.381154632568361
FOBU,21.960060119628906,26.154729843139648,4.194669723510742,23.771877740991531,1.778864749595782,11030.151271820070178,22.587184906005859,26.012053871154784
MEVE,24.358650207519531,28.153999328613281,3.795349121093750,26.728781786599047,0.863309430473760,79598.312160491957911,26.920674324035645,27.776504898071288
HOVE,21.353540420532227,27.264200210571289,5.910659790039062,22.528779347737629,2.146102501202463,1013.795070648193359,21.495489120483398,27.128408813476565
YUHO,21.871580123901367,21.912860870361328,0.041280746459961,21.892220497131348,0.020640373229980,43.784440994262695,21.892220497131348,21.908732795715331
MNRR,33.744049072265625,35.471309661865234,1.727260589599609,34.692929003043425,0.357460551885498,131798.437282561964821,34.666419982910156,35.209690093994141
MORU,30.238910675048828,30.750320434570312,0.511409759521484,30.405503704123301,0.107743448080630,2219.601770401000977,30.388080596923828,30.553702163696290
ROMO,27.045459747314453,29.257419586181641,2.211959838867188,28.302292092770003,0.251987687219707,419439.968814851425122,28.355319976806641,28.561980819702150
BEOL,26.782579421997070,27.774860382080078,0.992280960083008,27.362812956174213,0.292953320472456,1313.415021896362305,27.394715309143066,27.726386642456056
FLFO,27.356380462646484,28.203649520874023,0.847269058227539,28.031396651474132,0.143757092618552,9726.894638061523438,28.063379287719727,28.135664367675780
BRCA,25.485389709472656,28.979570388793945,3.494180679321289,27.662656445164302,0.602278770207315,55269.987577438274457,27.690850257873535,28.364090156555175
CARE,21.173149108886719,27.675119400024414,6.501970291137695,23.287053319238677,1.540883610864809,316564.202821730577853,22.739900588989258,26.041531753540042
CEBR,28.112949371337891,28.742370605468750,0.629421234130859,28.405992502308180,0.124902250593371,9629.631458282472522,28.383430480957031,28.568128204345701
PISP,22.739160537719727,22.741840362548828,0.002679824829102,22.740500450134277,0.001339912414551,45.481000900268555,22.740500450134277,22.741572380065918
ZION,23.232099533081055,29.609930038452148,6.377830505371094,27.389272112254964,1.148020944661679,226125.830558777000988,27.746410369873047,28.179635047912598
THRO,29.778230667114258,31.708730697631836,1.930500030517578,30.489554996324784,0.304519628294556,119336.118255615205271,30.435780525207520,30.915128326416017
FOUS,30.251739501953125,31.539209365844727,1.287469863891602,30.781552810668945,0.356469652531770,769.538820266723633,30.745340347290039,31.261094665527345
TICA,27.896429061889648,28.562149047851562,0.665719985961914,28.222971235002792,0.226164764962348,395.121597290039062,28.204025268554688,28.523497200012208
WICA,29.224250793457031,30.615110397338867,1.390859603881836,29.842038800150675,0.237755777713116,56341.769254684477346,29.825190544128418,30.169345474243165
JECA,29.165420532226562,29.843950271606445,0.678529739379883,29.485578695933018,0.178406212474978,2122.961666107177280,29.465974807739258,29.742981529235841
YELL,22.768819808959961,29.399120330810547,6.630300521850586,27.474734159633641,0.723786661386588,3354225.445144713390619,27.647644996643066,28.254544639587401
BIHO,27.003240585327148,28.485969543457031,1.482728958129883,27.772213052820273,0.440321750033410,1499.699504852294695,27.663334846496582,28.376111602783205
GRKO,23.641239166259766,24.323379516601562,0.682140350341797,23.880765415373297,0.174715458324925,2005.984294891356967,23.859555244445801,24.137132263183592
NACA,34.179679870605469,35.722030639648438,1.542350769042969,34.946803569793715,0.376225331459967,14258.295856475835535,34.834505081176758,35.564102554321288
FOWA,34.461368560791016,35.438549041748047,0.977180480957031,34.772024917602536,0.230970694165079,695.440498352050781,34.741874694824219,35.046639251708989
LYBA,35.266750335693359,35.316360473632812,0.049610137939453,35.291555404663086,0.024805068969727,70.583110809326172,35.291555404663086,35.311399459838867
MALL,35.067840576171875,35.602581024169922,0.534740447998047,35.401821899414060,0.199754680592419,354.018218994140625,35.497194290161133,35.596703338623051
GREE,34.611389160156250,35.290000915527344,0.678611755371094,34.771203938652498,0.118816416684640,2364.441867828370050,34.743389129638672,34.910815429687503
ROCR,34.257659912109375,35.184028625488281,0.926368713378906,34.783613594629436,0.223428486181924,3234.876064300537564,34.790309906005859,35.074853515625001
PAAV,35.023590087890625,35.023590087890625,0.000000000000000,35.023590087890625,0.000000000000000,35.023590087890625,35.023590087890625,35.023590087890625
ANTI,33.743511199951172,34.997631072998047,1.254119873046875,34.129699893619708,0.335331285868585,6279.864780426026300,34.035104751586914,34.783254241943361
HAFE,33.679630279541016,35.037620544433594,1.357990264892578,34.097657162606978,0.346289095094766,7126.410346984858734,33.914630889892578,34.685247039794923
CATO,33.367969512939453,34.593940734863281,1.225971221923828,33.698563552197093,0.276515864290703,10918.334590911857958,33.599704742431641,34.117770004272458
GWMP,33.837371826171875,35.886928558349609,2.049556732177734,34.886744952592657,0.436471746990240,12768.548652648913048,34.959604263305664,35.377904891967773
ARHO,34.539020538330078,34.539020538330078,0.000000000000000,34.539020538330078,0.000000000000000,34.539020538330078,34.539020538330078,34.539020538330078
THIS,35.086029052734375,35.578289031982422,0.492259979248047,35.390023549397789,0.185274372587650,212.340141296386719,35.464136123657227,35.566814422607422
MANA,33.639011383056641,34.836429595947266,1.197418212890625,34.128325162422534,0.335651151552371,9658.316020965577991,34.007270812988281,34.662113189697266
WWII,34.890281677246094,35.147480010986328,0.257198333740234,35.018880844116211,0.128599166870117,70.037761688232422,35.018880844116211,35.121760177612309
FRDE,35.167068481445312,35.167068481445312,0.000000000000000,35.167068481445312,0.000000000000000,35.167068481445312,35.167068481445312,35.167068481445312
LINC,35.071640014648438,35.071640014648438,0.000000000000000,35.071640014648438,0.000000000000000,35.071640014648438,35.071640014648438,35.071640014648438
WAMO,35.018978118896484,35.137050628662109,0.118072509765625,35.065135002136230,0.044846914554429,140.260540008544922,35.052255630493164,35.115912246704099
PISC,34.232490539550781,35.399959564208984,1.167469024658203,34.641043604337284,0.279450214587063,9006.671337127694642,34.554475784301758,34.953248977661133
MONO,33.587100982666016,34.828128814697266,1.241027832031250,34.204095493663431,0.377530481654339,3009.960403442381903,34.204675674438477,34.699386978149420
PRWI,33.650291442871094,35.069869995117188,1.419578552246094,34.260306669691175,0.278920998305310,26654.518589019735373,34.237461090087891,34.647800445556641
COGA,34.888660430908203,35.035461425781250,0.146800994873047,34.962060928344727,0.073400497436523,69.924121856689453,34.962060928344727,35.020781326293950
WOTR,34.776588439941406,34.913829803466797,0.137241363525391,34.827266693115234,0.055933539434757,243.790866851806641,34.791141510009766,34.908879089355466
WHHO,34.615989685058594,34.615989685058594,0.000000000000000,34.615989685058594,0.000000000000000,34.615989685058594,34.615989685058594,34.615989685058594
FLNI,30.955640792846680,31.977920532226562,1.022279739379883,31.348543536755468,0.197833958786604,4043.962116241455533,31.312160491943359,31.622435379028317
ALPO,30.901300430297852,34.325908660888672,3.424608230590820,32.320224244253978,0.894265528377692,2262.415697097778320,32.237819671630859,33.698131179809572
FONE,31.951639175415039,33.425010681152344,1.473371505737305,33.031703910827638,0.248385991746679,1651.585195541381836,33.117954254150391,33.241904449462893
JOFL,32.099548339843750,32.851119995117188,0.751571655273438,32.492042541503899,0.238519902381141,357.412467956542912,32.482559204101562,32.704868316650391
APPA,29.013919830322266,35.268699645996094,6.254779815673828,32.235199747726902,1.119927708023959,566630.341165543533862,32.208669662475586,33.712515258789061
APCO,33.565048217773438,34.714530944824219,1.149482727050781,33.928246011539379,0.270869033337046,3324.968109130858920,33.869701385498047,34.314096450805664
BLUE,32.637859344482422,34.585441589355469,1.947582244873047,33.822211884055697,0.542017189885454,8083.508640289312098,33.986881256103516,34.472770690917969
BOWA,33.576709747314453,34.353240966796875,0.776531219482422,33.869224275861477,0.272419964773211,474.169139862060661,33.759513854980469,34.295877075195314
CEBE,33.410659790039062,34.914649963378906,1.503990173339844,34.150147875150033,0.380240113176840,6556.828392028806775,34.063238143920898,34.694494247436523
COLO,34.172241210937500,35.758720397949219,1.586479187011719,35.001051499539571,0.356262541626219,15645.470020294187634,35.001178741455078,35.483995056152345
DEWA,31.985549926757812,35.286018371582031,3.300468444824219,34.067913384911961,0.533975098079088,129764.682083129664534,33.935310363769531,34.923672485351560
DELA,34.055480957031250,35.296161651611328,1.240680694580078,35.111993105906357,0.210848837912273,5582.806903839110419,35.148910522460938,35.263038635253906
FOMC,35.594860076904297,35.753421783447266,0.158561706542969,35.674140930175781,0.079280853271484,71.348281860351562,35.674140930175781,35.737565612792970
GARI,33.284198760986328,34.975948333740234,1.691749572753906,34.274037815497174,0.436394363804772,21078.533256530761719,34.260738372802734,34.831766510009764
HAMP,34.465820312500000,34.750259399414062,0.284439086914062,34.559427261352539,0.111869895148440,138.237709045410156,34.510814666748047,34.681058120727542
FRHI,33.901458740234375,35.143070220947266,1.241611480712891,34.419493926198861,0.409987142146158,1307.940769195556641,34.284746170043945,35.072184371948239
FRSP,33.450439453125000,34.820060729980469,1.369621276855469,33.834070029567854,0.224662149089326,17221.541645050037914,33.792198181152344,34.141703033447264
GEWA,34.195098876953125,35.198238372802734,1.003139495849609,34.586376190185554,0.174099841006712,1175.936790466308821,34.592414855957031,34.738029098510744
GETT,33.417770385742188,34.598178863525391,1.180408477783203,33.867788896819967,0.235233368710690,11210.238124847408471,33.879718780517578,34.212978363037109
EISE,33.632740020751953,34.658988952636719,1.026248931884766,34.044034908979370,0.326159980089476,1327.717361450195312,33.867401123046875,34.525586700439455
HOFU,33.643711090087891,34.473991394042969,0.830280303955078,33.836134786191188,0.200786766778497,1556.462200164794695,33.720804214477539,34.092920303344727
INDE,35.551811218261719,35.585311889648438,0.033500671386719,35.568284352620445,0.013682209070664,106.704853057861328,35.567729949951172,35.581795501708982
NERI,31.993049621582031,35.314529418945312,3.321479797363281,33.479792931893634,0.872759877501987,133785.252555846964242,33.478475570678711,34.777839660644531
RICH,33.741630554199219,34.996520996093750,1.254890441894531,34.255413863832594,0.338514220856886,15517.702480316165747,34.126171112060547,34.800228881835942
SHEN,30.700069427490234,34.538700103759766,3.838630676269531,32.523107214045218,0.864081056597174,356258.116422651335597,32.613849639892578,33.516271591186523
THST,33.976959228515625,34.272209167480469,0.295249938964844,34.139085881850299,0.109320070020605,580.364459991455078,34.099159240722656,34.271648406982422
STEA,34.017169952392578,34.439979553222656,0.422809600830078,34.282323201497398,0.188606604423416,102.846969604492188,34.389820098876953,34.429947662353513
UPDE,31.508789062500000,34.929210662841797,3.420421600341797,33.154385461816261,0.591234513249204,105198.865070343003026,33.148258209228516,33.871160888671874
VAFO,33.853668212890625,35.224311828613281,1.370643615722656,34.381776253382363,0.367802683217641,6601.301040649414062,34.257089614868164,34.974405288696289
BICY,36.174720764160156,36.816459655761719,0.641738891601562,36.592498867464293,0.094077898448338,1478739.471733099548146,36.606601715087891,36.710510253906250
TUIN,33.663448333740234,33.798919677734375,0.135471343994141,33.731627464294434,0.062650010256077,134.926509857177734,33.732070922851562,33.795998001098631
CANA,35.218238830566406,36.793380737304688,1.575141906738281,36.475555974713117,0.271257118705653,103079.921184539271053,36.572250366210938,36.687919616699219
CHAT,33.857330322265625,35.209739685058594,1.352409362792969,34.569370560024083,0.293139225436034,22262.674640655510302,34.596115112304688,34.968181610107422
ANDE,33.857128143310547,34.546329498291016,0.689201354980469,34.070846319198601,0.153306121829743,1090.267082214355241,34.033449172973633,34.286066055297852
BISO,33.693050384521484,35.314731597900391,1.621681213378906,34.240648953122438,0.350392160941784,231911.915359498263570,34.148059844970703,34.779747009277344
BLRI,30.474939346313477,34.814449310302734,4.339509963989258,32.241796426113822,0.650631121297595,184261.866575240506791,32.189041137695312,33.069892120361331
CARL,32.075729370117188,32.855491638183594,0.779762268066406,32.430171379676231,0.223061236421578,421.592227935791016,32.348918914794922,32.725835418701173
GUCO,33.966609954833984,34.595489501953125,0.628879547119141,34.242071671919390,0.185269947094028,376.662788391113281,34.231021881103516,34.478969573974609
FORA,36.469291687011719,36.848140716552734,0.378849029541016,36.696731976100367,0.102485486909953,1027.508495330810320,36.705595016479492,36.822013473510744
WRBR,35.989261627197266,36.526199340820312,0.536937713623047,36.347077789306631,0.143012304194465,908.676944732665788,36.419071197509766,36.507395935058597
CAHA,35.429721832275391,37.602668762207031,2.172946929931641,36.677255370218255,0.373072838458285,52411.797924041886290,36.753520965576172,37.031858062744142
CALO,36.140171051025391,37.019191741943359,0.879020690917969,36.771566700664174,0.130751756244042,35558.104999542258156,36.776229858398438,36.931846618652344
CHCH,33.313579559326172,34.890918731689453,1.577339172363281,33.954481974547107,0.346977663782695,18369.374748229984107,33.942050933837891,34.561660766601562
CONG,33.706100463867188,35.283401489257812,1.577301025390625,34.366649171159814,0.271417548245887,50828.274124145362293,34.303199768066406,34.755649566650391
BISC,36.630920410156250,36.985881805419922,0.354961395263672,36.794858635400352,0.088069482520135,23622.299243927027419,36.792179107666016,36.913293075561519
CASA,35.734069824218750,35.734069824218750,0.000000000000000,35.734069824218750,0.000000000000000,35.734069824218750,35.734069824218750,35.734069824218750
FOMA,35.153720855712891,35.832031250000000,0.678310394287109,35.381693013509114,0.169146819932857,530.725395202636719,35.357059478759766,35.601415252685548
EVER,36.006069183349609,37.060138702392578,1.054069519042969,36.659614329782301,0.163268981753445,2114416.575698853936046,36.658538818359375,36.921188354492188
DESO,36.631240844726562,36.708278656005859,0.077037811279297,36.669759750366211,0.038518905639648,73.339519500732422,36.669759750366211,36.700574874877930
FOCA,35.806751251220703,35.951198577880859,0.144447326660156,35.873392486572264,0.049755008817053,179.366962432861328,35.861301422119141,35.932047271728514
GUIS,34.529590606689453,37.118671417236328,2.589080810546875,36.574093141863443,0.334221393490616,86168.563442230268265,36.642734527587891,36.848270416259766
TIMU,34.811531066894531,36.278461456298828,1.466930389404297,35.472713867477268,0.324979728143047,89639.547943115059752,35.375488281250000,35.973491668701172
FODO,33.991859436035156,34.906421661376953,0.914562225341797,34.390675506591805,0.223676777032479,2579.300662994385220,34.421718597412109,34.661512756347655
FOFR,35.128711700439453,35.438739776611328,0.310028076171875,35.331850290298462,0.096055979393316,565.309604644775391,35.357065200805664,35.435194015502930
FOPU,35.733768463134766,36.625179290771484,0.891410827636719,36.138358570585332,0.272573720025176,10769.230854034429285,36.123174667358398,36.480209350585938
FOSU,36.215179443359375,36.657970428466797,0.442790985107422,36.444106674194337,0.105875860183132,364.441066741943359,36.453544616699219,36.524761199951172
ANJO,34.116668701171875,34.116668701171875,0.000000000000000,34.116668701171875,0.000000000000000,34.116668701171875,34.116668701171875,34.116668701171875
GRSM,30.254510879516602,35.151329040527344,4.896818161010742,31.877126943966346,1.041408693098459,916722.416654584114440,31.643119812011719,33.597180175781247
HOBE,33.582359313964844,34.639949798583984,1.057590484619141,34.077052041758648,0.271602769071283,3918.860984802244730,34.069988250732422,34.412789916992189
KEMO,33.684101104736328,34.405719757080078,0.721618652343750,33.921191729921276,0.120426058243023,5596.996635437010809,33.905681610107422,34.049625396728516
KIMO,32.558761596679688,34.068649291992188,1.509887695312500,33.357744674337390,0.203347707891903,7372.061573028563544,33.370700836181641,33.551120758056641
COWP,33.748470306396484,34.118949890136719,0.370479583740234,33.927438614216250,0.093495351386834,1594.589614868163835,33.909038543701172,34.078667449951169
MACA,33.599971771240234,35.087749481201172,1.487777709960938,34.081702491581780,0.295482087192748,135542.930809020734159,33.995140075683594,34.567553710937503
ABLI,34.071269989013672,35.001518249511719,0.930248260498047,34.467851911272319,0.319795685814003,723.824890136718750,34.393890380859375,34.807708740234375
MOCR,34.584308624267578,34.984878540039062,0.400569915771484,34.802351379394530,0.133907738349615,174.011756896972656,34.812618255615234,34.942799377441403
NATR,33.337459564208984,35.270980834960938,1.933521270751953,34.074212705172002,0.325578120753917,99667.072162628101069,34.061630249023438,34.500210571289060
SHIL,33.694999694824219,34.932098388671875,1.237098693847656,34.243892381629124,0.241757349855096,16779.507266998269188,34.183998107910156,34.650467300415038
STRI,34.119068145751953,34.816749572753906,0.697681427001953,34.340614318847649,0.229233642830928,1339.283958435058366,34.240139007568359,34.760724639892580
VICK,34.081058502197266,34.977451324462891,0.896392822265625,34.333664319193936,0.137322127711733,4841.046669006344928,34.322669982910156,34.444309234619141
OCMU,34.034500122070312,34.947208404541016,0.912708282470703,34.533519931461498,0.229641389267473,6354.167667388916016,34.533651351928711,34.829314422607425
CUIS,34.970771789550781,36.594451904296875,1.623680114746094,35.544572647969439,0.307054486863476,66965.974868774428614,35.491390228271484,36.073443222045896
OBRI,34.156398773193359,35.174461364746094,1.018062591552734,34.854138064858162,0.180476501172978,10525.949695587165479,34.873390197753906,35.045409011840825
LIRI,33.387069702148438,34.577369689941406,1.190299987792969,34.010933822560531,0.231841011717567,29113.359352111816406,34.029964447021484,34.305873870849609
RUCA,33.729759216308594,34.300579071044922,0.570819854736328,33.992151451110836,0.186048172930723,679.843029022216683,33.950439453125000,34.214758682250974
NISI,33.084369659423828,33.931919097900391,0.847549438476562,33.453051009268130,0.259655551485727,1773.011703491210938,33.395938873291016,33.834369659423828
TUAI,33.745738983154297,33.979980468750000,0.234241485595703,33.854420185089111,0.073718807285218,270.835361480712891,33.868230819702148,33.928411865234374
SEMO,33.904788970947266,33.904788970947266,0.000000000000000,33.904788970947266,0.000000000000000,33.904788970947266,33.904788970947266,33.904788970947266
NATC,34.043350219726562,34.333690643310547,0.290340423583984,34.195171991984047,0.097031968055043,205.171031951904297,34.225620269775391,34.289735794067383
CHPI,34.849441528320312,34.988769531250000,0.139328002929688,34.919105529785156,0.069664001464844,69.838211059570312,34.919105529785156,34.974836730957030
JICA,33.779060363769531,33.855018615722656,0.075958251953125,33.814179420471191,0.032702427433802,135.256717681884766,33.811319351196289,33.849732589721683
MALU,34.514850616455078,34.617740631103516,0.102890014648438,34.566295623779297,0.051445007324219,69.132591247558594,34.566295623779297,34.607451629638675
CUVA,33.947498321533203,35.627658843994141,1.680160522460938,34.652263045310924,0.416109156625529,63205.727794647129485,34.549051284790039,35.263902664184570
APIS,32.758228302001953,34.438228607177734,1.680000305175781,33.762940941905391,0.381669813684905,79849.355327606244828,33.704788208007812,34.306278228759766
NIOB,30.628770828247070,33.786590576171875,3.157819747924805,32.295327947274423,0.816548338771085,52027.773323059096583,32.296169281005859,33.347148895263672
IATR,32.123058319091797,33.640789031982422,1.517730712890625,33.068085034688316,0.608413309405536,396.817020416259766,33.447910308837891,33.513985443115232
EFMO,34.043510437011719,35.376121520996094,1.332611083984375,34.612731240012415,0.441900746375244,4949.620567321775525,34.515510559082031,35.261960601806642
DAAV,34.725639343261719,34.912899017333984,0.187259674072266,34.869513193766281,0.065513217339878,209.217079162597685,34.895814895629883,34.910734176635742
FOLS,33.888431549072266,34.697521209716797,0.809089660644531,34.288834958463113,0.140477053571032,1268.686893463135220,34.274890899658203,34.375000000000000
FOSC,34.962459564208984,34.962459564208984,0.000000000000000,34.962459564208984,0.000000000000000,34.962459564208984,34.962459564208984,34.962459564208984
TAPR,34.693729400634766,35.679130554199219,0.985401153564453,35.048139025848940,0.247697883893652,21414.412944793701172,35.008300781250000,35.436851501464844
GWCA,34.193290710449219,34.324100494384766,0.130809783935547,34.256223042805992,0.044917909208433,411.074676513671875,34.257314682006836,34.300109481811525
WICR,34.189521789550781,35.284980773925781,1.095458984375000,34.726998616778673,0.332484294165846,4375.601825714113147,34.717235565185547,35.163715362548828
JAGA,34.547119140625000,34.547119140625000,0.000000000000000,34.547119140625000,0.000000000000000,34.547119140625000,34.547119140625000,34.547119140625000
KEWE,32.059040069580078,33.122081756591797,1.063041687011719,32.471441012162437,0.324143194282474,3377.029865264893488,32.349754333496094,32.978680801391604
GRPO,31.982740402221680,33.841560363769531,1.858819961547852,32.851926456798203,0.499375754481450,1084.113573074340820,32.567691802978516,33.443834686279295
HSTR,34.807510375976562,35.052608489990234,0.245098114013672,34.930059432983398,0.122549057006836,69.860118865966797,34.930059432983398,35.028098678588869
HEHO,34.716148376464844,35.346000671386719,0.629852294921875,34.969988042658024,0.193097353855160,384.669868469238281,34.929248809814453,35.118209838867188
HOME,34.542259216308594,35.659080505371094,1.116821289062500,35.344089269638069,0.313038969949902,565.505428314209098,35.472515106201172,35.621704101562500
ISRO,32.814308166503906,35.113250732421875,2.298942565917969,34.633439405704038,0.267592539620301,303631.363269807305187,34.701061248779297,34.896882629394533
PIRO,32.298221588134766,34.000549316406250,1.702327728271484,33.238847356326126,0.248841044896862,125543.126464843779104,33.255901336669922,33.532440948486325
RIRA,34.605239868164062,34.727081298828125,0.121841430664062,34.663960774739586,0.049838746855982,103.991882324218750,34.659561157226562,34.713577270507812
LECL,34.437561035156250,35.035968780517578,0.598407745361328,34.650756835937500,0.190306138395233,207.904541015625000,34.638130187988281,34.845149993896484
LIBO,34.107170104980469,34.309581756591797,0.202411651611328,34.204348373413090,0.061875444679579,342.043483734130916,34.219264984130859,34.270745086669919
JEFF,35.313388824462891,35.558170318603516,0.244781494140625,35.461742401123040,0.071468306067093,425.540908813476449,35.473009109497070,35.549898910522465
GERO,35.443218231201172,35.443218231201172,0.000000000000000,35.443218231201172,0.000000000000000,35.443218231201172,35.443218231201172,35.443218231201172
LIHO,34.832839965820312,34.832839965820312,0.000000000000000,34.832839965820312,0.000000000000000,34.832839965820312,34.832839965820312,34.832839965820312
OZAR,34.028560638427734,35.903678894042969,1.875118255615234,34.920911758372498,0.324331668881186,159064.753059386712266,34.909698486328125,35.339360046386716
SCBL,29.033889770507812,30.967639923095703,1.933750152587891,29.547479746727973,0.440510968234135,5288.998874664307550,29.568250656127930,29.907651901245117
AGFO,29.147710800170898,31.737199783325195,2.589488983154297,30.597358883128450,0.728201473534733,5201.551010131836847,30.289839744567871,31.583421897888183
HOCU,33.670951843261719,35.034049987792969,1.363098144531250,34.245218544006335,0.347789269598848,3424.521854400633401,34.173784255981445,34.835245513916014
PEVI,34.787620544433594,35.005371093750000,0.217750549316406,34.896495819091797,0.108875274658203,69.792991638183594,34.896495819091797,34.983596038818362
PIPE,33.274879455566406,33.995121002197266,0.720241546630859,33.624609883626299,0.202259947653586,504.369148254394474,33.664779663085938,33.882249450683595
SACN,31.950679779052734,34.324970245361328,2.374290466308594,33.415230683843070,0.391187711106457,130419.645359039510367,33.470199584960938,33.861992645263669
MISS,32.697181701660156,35.066169738769531,2.368988037109375,33.693143053067502,0.492356787178522,100675.111442565699690,33.669029235839844,34.276627349853513
LOSA,33.157711029052734,34.935630798339844,1.777919769287109,34.243029657999720,0.427700253974322,21573.108684539824026,34.266628265380859,34.766397476196289
SLBE,32.672248840332031,34.112251281738281,1.440002441406250,33.395450042955801,0.264572358243143,110204.985141754150391,33.357086181640625,33.894766235351561
VOYA,31.935520172119141,34.542991638183594,2.607471466064453,33.421266672388015,0.422399687362708,380501.121065137558617,33.426891326904297,33.941570281982422
MIMI,29.539159774780273,29.539159774780273,0.000000000000000,29.539159774780273,0.000000000000000,29.539159774780273,29.539159774780273,29.539159774780273
BITH,33.571548461914062,36.206630706787109,2.635082244873047,34.738914439745308,0.526953169604471,217326.648735046648653,34.757381439208984,35.350730895996094
CARI,34.441730499267578,34.992530822753906,0.550800323486328,34.548324878399185,0.188277930216879,449.128223419189396,34.482978820800781,34.884635162353518
AMIS,32.387458801269531,34.797519683837891,2.410060882568359,33.564200137355357,0.451542732847828,113144.918663024902344,33.523578643798828,34.208850860595703
ARPO,35.214179992675781,35.720371246337891,0.506191253662109,35.563819619112230,0.114729972906801,1529.244243621825945,35.556091308593750,35.712072753906249
BIBE,25.356430053710938,31.568729400634766,6.212299346923828,28.020520685386494,1.058009065736591,1260755.307718280004337,28.056195259094238,29.310373497009280
CAVO,27.917650222778320,29.177930831909180,1.260280609130859,28.847532090686620,0.465150770199065,1211.596347808838118,29.076530456542969,29.129017639160153
CAVE,28.607679367065430,31.411699295043945,2.804019927978516,29.823356748040052,0.682271464862795,77510.904188156098826,29.697450637817383,30.778823471069337
GUMO,25.273700714111328,31.426149368286133,6.152448654174805,28.466506670663925,1.676962997474744,137749.425779342738679,28.712270736694336,30.355726242065430
CHAM,27.156629562377930,27.251329421997070,0.094699859619141,27.203979492187500,0.047349929809570,54.407958984375000,27.203979492187500,27.241859436035156
FODA,30.632240295410156,31.049020767211914,0.416780471801758,30.818153734560372,0.105396234225180,832.090150833129996,30.800970077514648,30.969534683227536
FOUN,26.198209762573242,26.514369964599609,0.316160202026367,26.273065521603534,0.079319162700004,1103.468751907348405,26.219655036926270,26.379437255859376
SAPU,25.223770141601562,26.221500396728516,0.997730255126953,25.766952676288156,0.246263253208841,1520.250207901001204,25.829269409179688,25.955735397338866
HOSP,33.303951263427734,34.337680816650391,1.033729553222656,33.679853520098234,0.213214440978748,10339.715030670158740,33.612068176269531,33.996036529541016
CHSC,34.659248352050781,34.659248352050781,0.000000000000000,34.659248352050781,0.000000000000000,34.659248352050781,34.659248352050781,34.659248352050781
FOSM,34.928161621093750,35.129470825195312,0.201309204101562,35.059481302897133,0.092924307055803,105.178443908691406,35.120811462402344,35.127738952636719
PERI,34.108001708984375,34.959590911865234,0.851589202880859,34.369244685685935,0.129696419106858,8626.680416107170458,34.348300933837891,34.506778717041016
BUFF,33.062999725341797,35.377201080322266,2.314201354980469,34.571117964907472,0.378662844032331,180115.524597167939646,34.547065734863281,35.071358871459957
LYJO,33.729721069335938,34.548851013183594,0.819129943847656,34.050046630527653,0.178110136181651,3132.604290008544012,33.983594894409180,34.313120269775389
AZRU,23.009269714355469,23.304920196533203,0.295650482177734,23.106010437011719,0.098126071395000,392.802177429199219,23.060510635375977,23.300701141357422
CACH,21.570339202880859,27.376789093017578,5.806449890136719,25.689607770163569,1.924944338495168,125827.698858261166606,26.597974777221680,27.065988540649414
CHCU,21.384450912475586,23.553010940551758,2.168560028076172,22.769320676708443,0.493786779926321,43375.555889129580464,22.861940383911133,23.249689483642577
ELMO,24.475210189819336,25.217710494995117,0.742500305175781,24.862405432595160,0.231205615117415,1790.093191146851495,24.787240028381348,25.155033493041994
HUTR,21.825569152832031,22.158020019531250,0.332450866699219,22.011892838911574,0.140506127590455,242.130821228027315,22.122409820556641,22.149810791015625
NAVA,22.662000656127930,26.176900863647461,3.514900207519531,25.299785341535294,1.086881807827214,531.295492172241211,25.664989471435547,26.045850753784180
WACA,27.697099685668945,28.940370559692383,1.243270874023438,28.609852342974417,0.261994239756623,5178.383274078369141,28.678960800170898,28.853809356689453
SUCR,27.055309295654297,28.116100311279297,1.060791015625000,27.862835540771481,0.264438609515961,4875.996219635008856,28.034309387207031,28.071816635131835
WUPA,20.073560714721680,22.416469573974609,2.342908859252930,21.154086108140000,0.390606245460518,41715.857805252082471,21.228214263916016,21.626885986328126
PAIS,35.302780151367188,36.269130706787109,0.966350555419922,35.829170766060280,0.228776912896705,124757.172607421889552,35.818954467773438,36.100170135498047
PECO,26.963100433349609,28.531539916992188,1.568439483642578,28.287064221135616,0.182107012333053,10833.945596694940832,28.319850921630859,28.435463714599607
CHIC,34.051609039306641,35.015388488769531,0.963779449462891,34.570314023109631,0.273366652932455,19048.243026733405713,34.590400695800781,34.924461364746094
JELA,36.004230499267578,36.775211334228516,0.770980834960938,36.517870376614340,0.146695534012913,40753.943340301600983,36.552879333496094,36.704164505004883
LAMR,30.974390029907227,32.752910614013672,1.778520584106445,32.024332098708193,0.271759811206336,73720.012491226254497,32.014293670654297,32.364184188842771
ALFL,31.664129257202148,32.309589385986328,0.645460128784180,31.909681271284050,0.159888652526883,2488.955139160155795,31.895165443420410,32.136034011840820
RIGR,27.880870819091797,33.765880584716797,5.885009765625000,30.565064833652343,1.465329042421132,36127.906633377067919,29.772665023803711,32.790189361572267
PETR,21.586050033569336,22.780080795288086,1.194030761718750,21.905260294306064,0.134834815889659,8827.819898605343042,21.906999588012695,22.042207717895508
SAAN,33.675449371337891,36.037670135498047,2.362220764160156,34.424172154179317,0.425669432593634,1858.905296325683139,34.405504226684570,34.660788726806643
WABA,33.655311584472656,34.411518096923828,0.756206512451172,34.166654374864365,0.205158257129231,614.999778747558594,34.218709945678711,34.402727890014646
WHSA,24.724420547485352,27.659799575805664,2.935379028320312,26.547159205145903,0.337654844537013,218430.025939940474927,26.603889465332031,26.762969970703125
ELMA,22.849609375000000,27.847600936889648,4.997991561889648,26.007577737726585,1.256832964977907,164107.815525054757018,26.644390106201172,27.055589675903320
POPO,35.378959655761719,35.900779724121094,0.521820068359375,35.662663495099089,0.132893436924531,1925.783828735350880,35.652120590209961,35.888664245605469
PAAL,34.712280273437500,35.221401214599609,0.509120941162109,34.910512490247264,0.110981677466082,6598.086860656732824,34.891880035400391,35.074478149414062
CHIS,29.636369705200195,32.625930786132812,2.989561080932617,31.588013939400561,0.501673969599900,222190.090049743535928,31.613820075988770,32.233650207519531
DEVA,20.958349227905273,27.392910003662109,6.434560775756836,22.157830546071562,0.968052661354548,4225387.495983116328716,21.917419433593750,22.853010177612305
EUON,31.960010528564453,31.960010528564453,0.000000000000000,31.960010528564453,0.000000000000000,31.960010528564453,31.960010528564453,31.960010528564453
GRCA,21.141950607299805,28.716640472412109,7.574689865112305,24.153690086544433,2.432786133445946,1614142.801103591453284,22.998020172119141,27.979820442199706
JOTR,21.144660949707031,28.128700256347656,6.984039306640625,22.772480485463714,1.557796838319515,1007796.123884196626022,22.162549972534180,25.430080413818359
LAKE,20.925159454345703,28.045280456542969,7.120121002197266,22.879115505620288,1.466822966827331,1897662.477382663404569,22.346700668334961,24.948789596557617
MOJA,21.101699829101562,27.583450317382812,6.481750488281250,22.169423295500227,1.042626507807991,1954079.477535276440904,21.808870315551758,23.299730300903320
LAVO,27.472290039062500,29.590869903564453,2.118579864501953,28.611113857332604,0.309016167048883,170836.960842132975813,28.602359771728516,28.995750427246094
LABE,22.281959533691406,29.002080917358398,6.720121383666992,24.968371395332685,2.227891143800191,64892.797256469646527,23.614370346069336,28.628373336791995
GRBA,25.911890029907227,28.821500778198242,2.909610748291016,28.198324790676420,0.394490308031454,120632.433454513724428,28.344534873962402,28.496484375000001
PEFO,21.245370864868164,22.294300079345703,1.048929214477539,21.755965574223442,0.162692105698852,269186.562049866653979,21.752029418945312,21.969417572021484
PINN,26.023120880126953,31.770450592041016,5.747329711914062,28.901231724562763,1.411248815458312,42831.625415802016505,28.950785636901855,30.761878013610840
REDW,30.169099807739258,32.458389282226562,2.289289474487305,31.418344321843801,0.301076238324060,236517.296054840146098,31.360135078430176,31.858608245849609
RORI,31.949029922485352,32.190059661865234,0.241029739379883,32.067262013753250,0.087855843247980,192.403572082519503,32.071025848388672,32.160739898681641
JOMU,32.172458648681641,32.491580963134766,0.319122314453125,32.371130072552226,0.089867434646121,744.535991668701172,32.386989593505859,32.472211456298822
MUWO,31.964839935302734,32.504901885986328,0.540061950683594,32.374712880452464,0.118904929387983,971.241386413573878,32.398809432983398,32.487950515747073
PORE,31.029010772705078,32.633300781250000,1.604290008544922,31.880992891542626,0.298348458933162,113751.382637024085852,31.929365158081055,32.202733230590823
SAMO,28.603620529174805,34.042308807373047,5.438688278198242,30.421963174483260,0.811350054810382,258586.686983107705601,30.209409713745117,31.688564872741701
SEQU,26.337049484252930,32.056049346923828,5.718999862670898,28.032434986719220,0.896807203802328,633168.609045027056709,28.000659942626953,29.020309448242188
KICA,25.427749633789062,30.752700805664062,5.324951171875000,27.431392708751254,0.702172753211199,698979.317611690727063,27.134660720825195,28.238260269165039
DEPO,27.689609527587891,28.167509078979492,0.477899551391602,27.916325395757511,0.135579094207445,1228.318317413330533,27.928535461425781,28.132591247558594
CAGR,25.610990524291992,26.219110488891602,0.608119964599609,25.867831802368165,0.221768990243832,646.695795059204102,25.765489578247070,26.177520751953125
CHIR,28.002170562744141,30.692289352416992,2.690118789672852,29.037290187711900,0.502152032411072,19687.282747268669482,28.939359664916992,30.030643653869632
CORO,26.963920593261719,30.511049270629883,3.547128677368164,29.337804096149934,0.905419709767077,7774.518085479732690,29.587060928344727,30.326221847534178
FOBO,25.222419738769531,28.503799438476562,3.281379699707031,27.132530143044210,1.082646622195390,1492.289157867431641,27.818740844726562,28.176882553100583
MOCA,24.337450027465820,25.578149795532227,1.240699768066406,24.906860581759751,0.352341854831336,1444.597913742065657,24.934499740600586,25.356264114379883
ORPI,25.333259582519531,28.614740371704102,3.281480789184570,26.243065217860963,0.399961622749724,481429.031421659339685,26.249729156494141,26.579269409179688
SAGU,25.140569686889648,31.300220489501953,6.159650802612305,27.764351558611867,1.651447328775627,144152.513292312825797,28.131319999694824,30.149759483337409
TONT,26.711919784545898,28.306030273437500,1.594110488891602,27.521151224772137,0.303050265721070,1733.832527160644531,27.498510360717773,27.816878128051759
TUMA,29.010000228881836,29.628950119018555,0.618949890136719,29.343066745334198,0.184237824364014,528.175201416015625,29.322065353393555,29.592774009704591
TUZI,22.307449340820312,23.392780303955078,1.085330963134766,22.512758645144380,0.282934531638928,990.561380386352766,22.396265029907227,22.695325279235838
PIMA,25.997859954833984,26.452569961547852,0.454710006713867,26.290196279684700,0.172436676210699,2523.858842849731445,26.408720016479492,26.442319869995117
WHIS,28.691160202026367,32.657020568847656,3.965860366821289,31.004871815137871,1.030715407382960,72675.419534683169331,31.413120269775391,32.144020462036138
MANZ,21.801700592041016,23.126459121704102,1.324758529663086,22.233757188585063,0.396924202039103,1000.519073486327784,22.035879135131836,23.012375259399413
YOSE,25.846130371093750,31.204969406127930,5.358839035034180,27.934308486286319,0.707395291157751,1159972.159893039381132,27.975189208984375,28.655798339843749
SAFR,32.031700134277344,32.322128295898438,0.290428161621094,32.151926994323730,0.107761698484576,128.607707977294922,32.126939773559570,32.272518157958984
JODA,22.245819091796875,26.848289489746094,4.602470397949219,23.466315769597607,1.203451844881816,18256.793668746937328,23.207984924316406,26.168139839172365
LARO,22.880130767822266,31.994180679321289,9.114049911499023,28.704417397657632,2.967762225679058,126213.323297500610352,30.636119842529297,31.376850128173828
CRMO,22.788150787353516,26.026229858398438,3.238079071044922,24.628771890315427,1.109997620931301,73024.308654785243561,25.336000442504883,25.673749923706055
CRMP,21.093299865722656,25.873830795288086,4.780530929565430,22.901080581115519,1.025849178970324,888355.816822052118368,23.029729843139648,24.196310043334961
EBLA,31.529249191284180,32.879821777343750,1.350572586059570,32.500563868057206,0.287755710144764,25772.947147369362938,32.588138580322266,32.735725402832031
CRLA,26.519119262695312,29.621070861816406,3.101951599121094,28.739433370995062,0.274053426667278,291302.896648405934684,28.724855422973633,28.927555084228516
ORCA,28.652179718017578,29.925529479980469,1.273349761962891,29.229118370056156,0.317650112006235,7307.279592514038995,29.246534347534180,29.725227165222169
MIIN,23.441099166870117,32.131210327148438,8.690111160278320,24.002991903395884,1.822621028690489,504.062829971313590,23.558889389038086,23.805789947509766
NEPE,27.050600051879883,32.780681610107422,5.730081558227539,29.698864387253597,1.414546989899516,7008.931995391848432,29.961965560913086,31.618095397949219
LEWI,30.815120697021484,32.120628356933594,1.305507659912109,31.634135842960788,0.296499809347176,5915.583402633666992,31.724790573120117,31.941858673095702
FOVA,31.706880569458008,32.015789031982422,0.308908462524414,31.903658866882321,0.108850751628878,382.843906402587834,31.944390296936035,32.008778381347653
MORA,27.110799789428711,31.591619491577148,4.480819702148438,29.302778552776218,0.773964832533755,384481.757390976767056,29.453819274902344,30.112209320068359
NOCA,26.710800170898438,32.294528961181641,5.583728790283203,29.250149447669830,0.781856578298767,813680.657335279393010,29.372304916381836,30.069989013671876
LACH,28.014739990234375,31.188529968261719,3.173789978027344,29.244580177291802,0.811638871699933,102034.340238571094233,29.047519683837891,30.336326217651369
ROLA,28.202230453491211,32.862689971923828,4.660459518432617,30.106052432531165,0.913132689172339,195087.219762801949400,29.957899093627930,31.448532676696775
OLYM,27.421630859375000,33.086658477783203,5.665027618408203,30.573299033546849,0.790681867785925,1548445.876152047188953,30.615150451660156,31.573908233642580
SAJH,31.873800277709961,32.521011352539062,0.647211074829102,32.121271229591692,0.120538227548225,3822.431276321411133,32.109661102294922,32.296865081787111
WHMI,31.143220901489258,32.135089874267578,0.991868972778320,31.576244354248047,0.285172067048962,284.186199188232422,31.627189636230469,31.838770294189452
CIRO,23.537950515747070,27.185499191284180,3.647548675537109,24.304579376880003,0.756757453144613,19686.709295272801683,24.092140197753906,25.295142173767090
HAFO,23.458499908447266,24.408279418945312,0.949779510498047,23.784556814461698,0.149999954880255,5755.862749099731445,23.763269424438477,23.906256484985352
MLKM,34.873588562011719,34.873588562011719,0.000000000000000,34.873588562011719,0.000000000000000,34.873588562011719,34.873588562011719,34.873588562011719
FOMR,36.238559722900391,36.495288848876953,0.256729125976562,36.412285396030974,0.056760488955148,764.657993316650504,36.424121856689453,36.465888977050781
PAGR,35.178451538085938,35.398761749267578,0.220310211181641,35.288606643676758,0.110155105590820,70.577213287353516,35.288606643676758,35.376730728149411
CECH,25.542079925537109,28.440109252929688,2.898029327392578,27.907604853312172,1.058319334482899,167.445629119873047,28.372275352478027,28.409864425659180
HATU,35.143661499023438,35.207439422607422,0.063777923583984,35.198967273418724,0.015520257659787,915.173149108886832,35.205730438232422,35.207439422607422
FRST,33.756580352783203,34.943550109863281,1.186969757080078,34.151930664524883,0.357343167362884,2254.027423858642123,33.959764480590820,34.772773742675781
CHYO,34.692150115966797,35.069271087646484,0.377120971679688,34.817893981933594,0.177750461822152,104.453681945800781,34.692260742187500,34.993869018554690
CAJO,34.570190429687500,35.065639495849609,0.495449066162109,34.766822560628249,0.159856916313737,521.502338409423714,34.729179382324219,34.996914672851560
NEEN,33.269741058349609,33.714450836181641,0.444709777832031,33.503688430786141,0.181210917624840,335.036884307861442,33.508228302001953,33.708178329467771
NOCO,32.531169891357422,34.160499572753906,1.629329681396484,33.276493920220268,0.581246333127768,598.976890563964844,32.918321609497070,34.064207839965817
HART,33.583438873291016,33.609458923339844,0.026020050048828,33.596448898315430,0.013010025024414,67.192897796630859,33.596448898315430,33.606856918334962
BLRV,33.880371093750000,34.659160614013672,0.778789520263672,34.372960281372073,0.213296201094029,343.729602813720703,34.403760910034180,34.644778823852540
TUSK,21.194969177246094,23.411460876464844,2.216491699218750,21.701202950203307,0.590759533290277,27538.826543807994312,21.411310195922852,22.705300521850585
MAPR,26.864370346069336,34.508251190185547,7.643880844116211,31.219470553927952,3.453979103542488,280.975234985351562,34.094760894775391,34.500313568115232
WACO,34.042140960693359,34.355041503906250,0.312900543212891,34.211645762125649,0.111132194958782,205.269874572753906,34.176780700683594,34.354335784912109
CAMO,21.486640930175781,22.740020751953125,1.253379821777344,21.783546749174285,0.242924197223825,25225.347135543823242,21.763839721679688,21.889604949951170
KAWW,30.940059661865234,33.848251342773438,2.908191680908203,32.669197499991327,0.480743470675485,162692.603549956809729,32.771385192871094,33.137133026123045
REER,34.426189422607422,34.782318115234375,0.356128692626953,34.518561363220215,0.152310250879629,138.074245452880859,34.432868957519531,34.678047561645513
STGE,34.738498687744141,35.313358306884766,0.574859619140625,35.073616027832031,0.244183260592287,105.220848083496094,35.168991088867188,35.284484863281250
CANE,34.339889526367188,35.098098754882812,0.758209228515625,34.583507391122680,0.212394618951597,899.171192169189680,34.536588668823242,34.992359161376953
TULE,23.418949127197266,23.418949127197266,0.000000000000000,23.418949127197266,0.000000000000000,46.837898254394531,23.418949127197266,23.418949127197266
MISP,33.860900878906250,34.805278778076172,0.944377899169922,34.194306660847481,0.162183425706169,2838.127452850340887,34.154819488525391,34.371102142333982
DDEM,35.073001861572266,35.073001861572266,0.000000000000000,35.073001861572266,0.000000000000000,35.073001861572266,35.073001861572266,35.073001861572266
NEPH,34.265491485595703,34.898811340332031,0.633319854736328,34.640168326241628,0.184936474648962,242.481178283691406,34.633148193359375,34.818265533447267
SEKI_LP,28.165979385375977,28.348659515380859,0.182680130004883,28.272926330566406,0.049752895852473,254.456336975097656,28.269550323486328,28.320812225341797
